# Satellite mesh for the ERG satellite application example.
# Generated by tools/make_satellite_mesh.py -- CC0-1.0.
# Body frame: +Z payload boresight, +/-Y solar wings.
mtllib satellite.mtl
o Satellite
v -0.55000 -0.50000 0.77500
v 0.55000 -0.50000 0.77500
v 0.55000 0.50000 0.77500
v -0.55000 0.50000 0.77500
v 0.55000 -0.50000 -0.77500
v -0.55000 -0.50000 -0.77500
v -0.55000 0.50000 -0.77500
v 0.55000 0.50000 -0.77500
v -0.47500 -0.42500 -0.77000
v 0.47500 -0.42500 -0.77000
v 0.47500 0.42500 -0.77000
v -0.47500 0.42500 -0.77000
v 0.47500 -0.42500 -0.87000
v -0.47500 -0.42500 -0.87000
v -0.47500 0.42500 -0.87000
v 0.47500 0.42500 -0.87000
v -0.47500 -0.42500 0.84000
v 0.47500 -0.42500 0.84000
v 0.47500 0.42500 0.84000
v -0.47500 0.42500 0.84000
v 0.47500 -0.42500 0.76000
v -0.47500 -0.42500 0.76000
v -0.47500 0.42500 0.76000
v 0.47500 0.42500 0.76000
v -0.60500 -0.40000 0.62500
v -0.55500 -0.40000 0.62500
v -0.55500 0.40000 0.62500
v -0.60500 0.40000 0.62500
v -0.55500 -0.40000 -0.52500
v -0.60500 -0.40000 -0.52500
v -0.60500 0.40000 -0.52500
v -0.55500 0.40000 -0.52500
v 0.46000 0.00000 0.78000
v 0.45606 0.06004 0.78000
v 0.43624 0.05743 1.00000
v 0.44000 0.00000 1.00000
v 0.44433 0.11906 0.78000
v 0.42501 0.11388 1.00000
v 0.42498 0.17603 0.78000
v 0.40651 0.16838 1.00000
v 0.39837 0.23000 0.78000
v 0.38105 0.22000 1.00000
v 0.36494 0.28003 0.78000
v 0.34908 0.26786 1.00000
v 0.32527 0.32527 0.78000
v 0.31113 0.31113 1.00000
v 0.28003 0.36494 0.78000
v 0.26786 0.34908 1.00000
v 0.23000 0.39837 0.78000
v 0.22000 0.38105 1.00000
v 0.17603 0.42498 0.78000
v 0.16838 0.40651 1.00000
v 0.11906 0.44433 0.78000
v 0.11388 0.42501 1.00000
v 0.06004 0.45606 0.78000
v 0.05743 0.43624 1.00000
v 0.00000 0.46000 0.78000
v 0.00000 0.44000 1.00000
v -0.06004 0.45606 0.78000
v -0.05743 0.43624 1.00000
v -0.11906 0.44433 0.78000
v -0.11388 0.42501 1.00000
v -0.17603 0.42498 0.78000
v -0.16838 0.40651 1.00000
v -0.23000 0.39837 0.78000
v -0.22000 0.38105 1.00000
v -0.28003 0.36494 0.78000
v -0.26786 0.34908 1.00000
v -0.32527 0.32527 0.78000
v -0.31113 0.31113 1.00000
v -0.36494 0.28003 0.78000
v -0.34908 0.26786 1.00000
v -0.39837 0.23000 0.78000
v -0.38105 0.22000 1.00000
v -0.42498 0.17603 0.78000
v -0.40651 0.16838 1.00000
v -0.44433 0.11906 0.78000
v -0.42501 0.11388 1.00000
v -0.45606 0.06004 0.78000
v -0.43624 0.05743 1.00000
v -0.46000 0.00000 0.78000
v -0.44000 0.00000 1.00000
v -0.45606 -0.06004 0.78000
v -0.43624 -0.05743 1.00000
v -0.44433 -0.11906 0.78000
v -0.42501 -0.11388 1.00000
v -0.42498 -0.17603 0.78000
v -0.40651 -0.16838 1.00000
v -0.39837 -0.23000 0.78000
v -0.38105 -0.22000 1.00000
v -0.36494 -0.28003 0.78000
v -0.34908 -0.26786 1.00000
v -0.32527 -0.32527 0.78000
v -0.31113 -0.31113 1.00000
v -0.28003 -0.36494 0.78000
v -0.26786 -0.34908 1.00000
v -0.23000 -0.39837 0.78000
v -0.22000 -0.38105 1.00000
v -0.17603 -0.42498 0.78000
v -0.16838 -0.40651 1.00000
v -0.11906 -0.44433 0.78000
v -0.11388 -0.42501 1.00000
v -0.06004 -0.45606 0.78000
v -0.05743 -0.43624 1.00000
v -0.00000 -0.46000 0.78000
v -0.00000 -0.44000 1.00000
v 0.06004 -0.45606 0.78000
v 0.05743 -0.43624 1.00000
v 0.11906 -0.44433 0.78000
v 0.11388 -0.42501 1.00000
v 0.17603 -0.42498 0.78000
v 0.16838 -0.40651 1.00000
v 0.23000 -0.39837 0.78000
v 0.22000 -0.38105 1.00000
v 0.28003 -0.36494 0.78000
v 0.26786 -0.34908 1.00000
v 0.32527 -0.32527 0.78000
v 0.31113 -0.31113 1.00000
v 0.36494 -0.28003 0.78000
v 0.34908 -0.26786 1.00000
v 0.39837 -0.23000 0.78000
v 0.38105 -0.22000 1.00000
v 0.42498 -0.17603 0.78000
v 0.40651 -0.16838 1.00000
v 0.44433 -0.11906 0.78000
v 0.42501 -0.11388 1.00000
v 0.45606 -0.06004 0.78000
v 0.43624 -0.05743 1.00000
v 0.43624 0.05743 1.95000
v 0.44000 0.00000 1.95000
v 0.42501 0.11388 1.95000
v 0.40651 0.16838 1.95000
v 0.38105 0.22000 1.95000
v 0.34908 0.26786 1.95000
v 0.31113 0.31113 1.95000
v 0.26786 0.34908 1.95000
v 0.22000 0.38105 1.95000
v 0.16838 0.40651 1.95000
v 0.11388 0.42501 1.95000
v 0.05743 0.43624 1.95000
v 0.00000 0.44000 1.95000
v -0.05743 0.43624 1.95000
v -0.11388 0.42501 1.95000
v -0.16838 0.40651 1.95000
v -0.22000 0.38105 1.95000
v -0.26786 0.34908 1.95000
v -0.31113 0.31113 1.95000
v -0.34908 0.26786 1.95000
v -0.38105 0.22000 1.95000
v -0.40651 0.16838 1.95000
v -0.42501 0.11388 1.95000
v -0.43624 0.05743 1.95000
v -0.44000 0.00000 1.95000
v -0.43624 -0.05743 1.95000
v -0.42501 -0.11388 1.95000
v -0.40651 -0.16838 1.95000
v -0.38105 -0.22000 1.95000
v -0.34908 -0.26786 1.95000
v -0.31113 -0.31113 1.95000
v -0.26786 -0.34908 1.95000
v -0.22000 -0.38105 1.95000
v -0.16838 -0.40651 1.95000
v -0.11388 -0.42501 1.95000
v -0.05743 -0.43624 1.95000
v -0.00000 -0.44000 1.95000
v 0.05743 -0.43624 1.95000
v 0.11388 -0.42501 1.95000
v 0.16838 -0.40651 1.95000
v 0.22000 -0.38105 1.95000
v 0.26786 -0.34908 1.95000
v 0.31113 -0.31113 1.95000
v 0.34908 -0.26786 1.95000
v 0.38105 -0.22000 1.95000
v 0.40651 -0.16838 1.95000
v 0.42501 -0.11388 1.95000
v 0.43624 -0.05743 1.95000
v 0.53538 0.07048 2.42000
v 0.54000 0.00000 2.42000
v 0.52160 0.13976 2.42000
v 0.49889 0.20665 2.42000
v 0.46765 0.27000 2.42000
v 0.42841 0.32873 2.42000
v 0.38184 0.38184 2.42000
v 0.32873 0.42841 2.42000
v 0.27000 0.46765 2.42000
v 0.20665 0.49889 2.42000
v 0.13976 0.52160 2.42000
v 0.07048 0.53538 2.42000
v 0.00000 0.54000 2.42000
v -0.07048 0.53538 2.42000
v -0.13976 0.52160 2.42000
v -0.20665 0.49889 2.42000
v -0.27000 0.46765 2.42000
v -0.32873 0.42841 2.42000
v -0.38184 0.38184 2.42000
v -0.42841 0.32873 2.42000
v -0.46765 0.27000 2.42000
v -0.49889 0.20665 2.42000
v -0.52160 0.13976 2.42000
v -0.53538 0.07048 2.42000
v -0.54000 0.00000 2.42000
v -0.53538 -0.07048 2.42000
v -0.52160 -0.13976 2.42000
v -0.49889 -0.20665 2.42000
v -0.46765 -0.27000 2.42000
v -0.42841 -0.32873 2.42000
v -0.38184 -0.38184 2.42000
v -0.32873 -0.42841 2.42000
v -0.27000 -0.46765 2.42000
v -0.20665 -0.49889 2.42000
v -0.13976 -0.52160 2.42000
v -0.07048 -0.53538 2.42000
v -0.00000 -0.54000 2.42000
v 0.07048 -0.53538 2.42000
v 0.13976 -0.52160 2.42000
v 0.20665 -0.49889 2.42000
v 0.27000 -0.46765 2.42000
v 0.32873 -0.42841 2.42000
v 0.38184 -0.38184 2.42000
v 0.42841 -0.32873 2.42000
v 0.46765 -0.27000 2.42000
v 0.49889 -0.20665 2.42000
v 0.52160 -0.13976 2.42000
v 0.53538 -0.07048 2.42000
v 0.00000 0.00000 2.42000
v 0.53538 0.07048 2.44000
v 0.54000 0.00000 2.44000
v 0.52160 0.13976 2.44000
v 0.49889 0.20665 2.44000
v 0.46765 0.27000 2.44000
v 0.42841 0.32873 2.44000
v 0.38184 0.38184 2.44000
v 0.32873 0.42841 2.44000
v 0.27000 0.46765 2.44000
v 0.20665 0.49889 2.44000
v 0.13976 0.52160 2.44000
v 0.07048 0.53538 2.44000
v 0.00000 0.54000 2.44000
v -0.07048 0.53538 2.44000
v -0.13976 0.52160 2.44000
v -0.20665 0.49889 2.44000
v -0.27000 0.46765 2.44000
v -0.32873 0.42841 2.44000
v -0.38184 0.38184 2.44000
v -0.42841 0.32873 2.44000
v -0.46765 0.27000 2.44000
v -0.49889 0.20665 2.44000
v -0.52160 0.13976 2.44000
v -0.53538 0.07048 2.44000
v -0.54000 0.00000 2.44000
v -0.53538 -0.07048 2.44000
v -0.52160 -0.13976 2.44000
v -0.49889 -0.20665 2.44000
v -0.46765 -0.27000 2.44000
v -0.42841 -0.32873 2.44000
v -0.38184 -0.38184 2.44000
v -0.32873 -0.42841 2.44000
v -0.27000 -0.46765 2.44000
v -0.20665 -0.49889 2.44000
v -0.13976 -0.52160 2.44000
v -0.07048 -0.53538 2.44000
v -0.00000 -0.54000 2.44000
v 0.07048 -0.53538 2.44000
v 0.13976 -0.52160 2.44000
v 0.20665 -0.49889 2.44000
v 0.27000 -0.46765 2.44000
v 0.32873 -0.42841 2.44000
v 0.38184 -0.38184 2.44000
v 0.42841 -0.32873 2.44000
v 0.46765 -0.27000 2.44000
v 0.49889 -0.20665 2.44000
v 0.52160 -0.13976 2.44000
v 0.53538 -0.07048 2.44000
v 0.00000 0.00000 2.44000
v 0.47000 0.00000 2.02000
v 0.46598 0.06135 2.02000
v 0.46598 0.06135 2.04500
v 0.47000 0.00000 2.04500
v 0.45399 0.12164 2.02000
v 0.45399 0.12164 2.04500
v 0.43422 0.17986 2.02000
v 0.43422 0.17986 2.04500
v 0.40703 0.23500 2.02000
v 0.40703 0.23500 2.04500
v 0.37288 0.28612 2.02000
v 0.37288 0.28612 2.04500
v 0.33234 0.33234 2.02000
v 0.33234 0.33234 2.04500
v 0.28612 0.37288 2.02000
v 0.28612 0.37288 2.04500
v 0.23500 0.40703 2.02000
v 0.23500 0.40703 2.04500
v 0.17986 0.43422 2.02000
v 0.17986 0.43422 2.04500
v 0.12164 0.45399 2.02000
v 0.12164 0.45399 2.04500
v 0.06135 0.46598 2.02000
v 0.06135 0.46598 2.04500
v 0.00000 0.47000 2.02000
v 0.00000 0.47000 2.04500
v -0.06135 0.46598 2.02000
v -0.06135 0.46598 2.04500
v -0.12164 0.45399 2.02000
v -0.12164 0.45399 2.04500
v -0.17986 0.43422 2.02000
v -0.17986 0.43422 2.04500
v -0.23500 0.40703 2.02000
v -0.23500 0.40703 2.04500
v -0.28612 0.37288 2.02000
v -0.28612 0.37288 2.04500
v -0.33234 0.33234 2.02000
v -0.33234 0.33234 2.04500
v -0.37288 0.28612 2.02000
v -0.37288 0.28612 2.04500
v -0.40703 0.23500 2.02000
v -0.40703 0.23500 2.04500
v -0.43422 0.17986 2.02000
v -0.43422 0.17986 2.04500
v -0.45399 0.12164 2.02000
v -0.45399 0.12164 2.04500
v -0.46598 0.06135 2.02000
v -0.46598 0.06135 2.04500
v -0.47000 0.00000 2.02000
v -0.47000 0.00000 2.04500
v -0.46598 -0.06135 2.02000
v -0.46598 -0.06135 2.04500
v -0.45399 -0.12164 2.02000
v -0.45399 -0.12164 2.04500
v -0.43422 -0.17986 2.02000
v -0.43422 -0.17986 2.04500
v -0.40703 -0.23500 2.02000
v -0.40703 -0.23500 2.04500
v -0.37288 -0.28612 2.02000
v -0.37288 -0.28612 2.04500
v -0.33234 -0.33234 2.02000
v -0.33234 -0.33234 2.04500
v -0.28612 -0.37288 2.02000
v -0.28612 -0.37288 2.04500
v -0.23500 -0.40703 2.02000
v -0.23500 -0.40703 2.04500
v -0.17986 -0.43422 2.02000
v -0.17986 -0.43422 2.04500
v -0.12164 -0.45399 2.02000
v -0.12164 -0.45399 2.04500
v -0.06135 -0.46598 2.02000
v -0.06135 -0.46598 2.04500
v -0.00000 -0.47000 2.02000
v -0.00000 -0.47000 2.04500
v 0.06135 -0.46598 2.02000
v 0.06135 -0.46598 2.04500
v 0.12164 -0.45399 2.02000
v 0.12164 -0.45399 2.04500
v 0.17986 -0.43422 2.02000
v 0.17986 -0.43422 2.04500
v 0.23500 -0.40703 2.02000
v 0.23500 -0.40703 2.04500
v 0.28612 -0.37288 2.02000
v 0.28612 -0.37288 2.04500
v 0.33234 -0.33234 2.02000
v 0.33234 -0.33234 2.04500
v 0.37288 -0.28612 2.02000
v 0.37288 -0.28612 2.04500
v 0.40703 -0.23500 2.02000
v 0.40703 -0.23500 2.04500
v 0.43422 -0.17986 2.02000
v 0.43422 -0.17986 2.04500
v 0.45399 -0.12164 2.02000
v 0.45399 -0.12164 2.04500
v 0.46598 -0.06135 2.02000
v 0.46598 -0.06135 2.04500
v 0.49000 0.00000 2.16000
v 0.48581 0.06396 2.16000
v 0.48581 0.06396 2.18500
v 0.49000 0.00000 2.18500
v 0.47330 0.12682 2.16000
v 0.47330 0.12682 2.18500
v 0.45270 0.18751 2.16000
v 0.45270 0.18751 2.18500
v 0.42435 0.24500 2.16000
v 0.42435 0.24500 2.18500
v 0.38874 0.29829 2.16000
v 0.38874 0.29829 2.18500
v 0.34648 0.34648 2.16000
v 0.34648 0.34648 2.18500
v 0.29829 0.38874 2.16000
v 0.29829 0.38874 2.18500
v 0.24500 0.42435 2.16000
v 0.24500 0.42435 2.18500
v 0.18751 0.45270 2.16000
v 0.18751 0.45270 2.18500
v 0.12682 0.47330 2.16000
v 0.12682 0.47330 2.18500
v 0.06396 0.48581 2.16000
v 0.06396 0.48581 2.18500
v 0.00000 0.49000 2.16000
v 0.00000 0.49000 2.18500
v -0.06396 0.48581 2.16000
v -0.06396 0.48581 2.18500
v -0.12682 0.47330 2.16000
v -0.12682 0.47330 2.18500
v -0.18751 0.45270 2.16000
v -0.18751 0.45270 2.18500
v -0.24500 0.42435 2.16000
v -0.24500 0.42435 2.18500
v -0.29829 0.38874 2.16000
v -0.29829 0.38874 2.18500
v -0.34648 0.34648 2.16000
v -0.34648 0.34648 2.18500
v -0.38874 0.29829 2.16000
v -0.38874 0.29829 2.18500
v -0.42435 0.24500 2.16000
v -0.42435 0.24500 2.18500
v -0.45270 0.18751 2.16000
v -0.45270 0.18751 2.18500
v -0.47330 0.12682 2.16000
v -0.47330 0.12682 2.18500
v -0.48581 0.06396 2.16000
v -0.48581 0.06396 2.18500
v -0.49000 0.00000 2.16000
v -0.49000 0.00000 2.18500
v -0.48581 -0.06396 2.16000
v -0.48581 -0.06396 2.18500
v -0.47330 -0.12682 2.16000
v -0.47330 -0.12682 2.18500
v -0.45270 -0.18751 2.16000
v -0.45270 -0.18751 2.18500
v -0.42435 -0.24500 2.16000
v -0.42435 -0.24500 2.18500
v -0.38874 -0.29829 2.16000
v -0.38874 -0.29829 2.18500
v -0.34648 -0.34648 2.16000
v -0.34648 -0.34648 2.18500
v -0.29829 -0.38874 2.16000
v -0.29829 -0.38874 2.18500
v -0.24500 -0.42435 2.16000
v -0.24500 -0.42435 2.18500
v -0.18751 -0.45270 2.16000
v -0.18751 -0.45270 2.18500
v -0.12682 -0.47330 2.16000
v -0.12682 -0.47330 2.18500
v -0.06396 -0.48581 2.16000
v -0.06396 -0.48581 2.18500
v -0.00000 -0.49000 2.16000
v -0.00000 -0.49000 2.18500
v 0.06396 -0.48581 2.16000
v 0.06396 -0.48581 2.18500
v 0.12682 -0.47330 2.16000
v 0.12682 -0.47330 2.18500
v 0.18751 -0.45270 2.16000
v 0.18751 -0.45270 2.18500
v 0.24500 -0.42435 2.16000
v 0.24500 -0.42435 2.18500
v 0.29829 -0.38874 2.16000
v 0.29829 -0.38874 2.18500
v 0.34648 -0.34648 2.16000
v 0.34648 -0.34648 2.18500
v 0.38874 -0.29829 2.16000
v 0.38874 -0.29829 2.18500
v 0.42435 -0.24500 2.16000
v 0.42435 -0.24500 2.18500
v 0.45270 -0.18751 2.16000
v 0.45270 -0.18751 2.18500
v 0.47330 -0.12682 2.16000
v 0.47330 -0.12682 2.18500
v 0.48581 -0.06396 2.16000
v 0.48581 -0.06396 2.18500
v 0.51000 0.00000 2.30000
v 0.50564 0.06657 2.30000
v 0.50564 0.06657 2.32500
v 0.51000 0.00000 2.32500
v 0.49262 0.13200 2.30000
v 0.49262 0.13200 2.32500
v 0.47118 0.19517 2.30000
v 0.47118 0.19517 2.32500
v 0.44167 0.25500 2.30000
v 0.44167 0.25500 2.32500
v 0.40461 0.31047 2.30000
v 0.40461 0.31047 2.32500
v 0.36062 0.36062 2.30000
v 0.36062 0.36062 2.32500
v 0.31047 0.40461 2.30000
v 0.31047 0.40461 2.32500
v 0.25500 0.44167 2.30000
v 0.25500 0.44167 2.32500
v 0.19517 0.47118 2.30000
v 0.19517 0.47118 2.32500
v 0.13200 0.49262 2.30000
v 0.13200 0.49262 2.32500
v 0.06657 0.50564 2.30000
v 0.06657 0.50564 2.32500
v 0.00000 0.51000 2.30000
v 0.00000 0.51000 2.32500
v -0.06657 0.50564 2.30000
v -0.06657 0.50564 2.32500
v -0.13200 0.49262 2.30000
v -0.13200 0.49262 2.32500
v -0.19517 0.47118 2.30000
v -0.19517 0.47118 2.32500
v -0.25500 0.44167 2.30000
v -0.25500 0.44167 2.32500
v -0.31047 0.40461 2.30000
v -0.31047 0.40461 2.32500
v -0.36062 0.36062 2.30000
v -0.36062 0.36062 2.32500
v -0.40461 0.31047 2.30000
v -0.40461 0.31047 2.32500
v -0.44167 0.25500 2.30000
v -0.44167 0.25500 2.32500
v -0.47118 0.19517 2.30000
v -0.47118 0.19517 2.32500
v -0.49262 0.13200 2.30000
v -0.49262 0.13200 2.32500
v -0.50564 0.06657 2.30000
v -0.50564 0.06657 2.32500
v -0.51000 0.00000 2.30000
v -0.51000 0.00000 2.32500
v -0.50564 -0.06657 2.30000
v -0.50564 -0.06657 2.32500
v -0.49262 -0.13200 2.30000
v -0.49262 -0.13200 2.32500
v -0.47118 -0.19517 2.30000
v -0.47118 -0.19517 2.32500
v -0.44167 -0.25500 2.30000
v -0.44167 -0.25500 2.32500
v -0.40461 -0.31047 2.30000
v -0.40461 -0.31047 2.32500
v -0.36062 -0.36062 2.30000
v -0.36062 -0.36062 2.32500
v -0.31047 -0.40461 2.30000
v -0.31047 -0.40461 2.32500
v -0.25500 -0.44167 2.30000
v -0.25500 -0.44167 2.32500
v -0.19517 -0.47118 2.30000
v -0.19517 -0.47118 2.32500
v -0.13200 -0.49262 2.30000
v -0.13200 -0.49262 2.32500
v -0.06657 -0.50564 2.30000
v -0.06657 -0.50564 2.32500
v -0.00000 -0.51000 2.30000
v -0.00000 -0.51000 2.32500
v 0.06657 -0.50564 2.30000
v 0.06657 -0.50564 2.32500
v 0.13200 -0.49262 2.30000
v 0.13200 -0.49262 2.32500
v 0.19517 -0.47118 2.30000
v 0.19517 -0.47118 2.32500
v 0.25500 -0.44167 2.30000
v 0.25500 -0.44167 2.32500
v 0.31047 -0.40461 2.30000
v 0.31047 -0.40461 2.32500
v 0.36062 -0.36062 2.30000
v 0.36062 -0.36062 2.32500
v 0.40461 -0.31047 2.30000
v 0.40461 -0.31047 2.32500
v 0.44167 -0.25500 2.30000
v 0.44167 -0.25500 2.32500
v 0.47118 -0.19517 2.30000
v 0.47118 -0.19517 2.32500
v 0.49262 -0.13200 2.30000
v 0.49262 -0.13200 2.32500
v 0.50564 -0.06657 2.30000
v 0.50564 -0.06657 2.32500
v 0.25000 -0.47000 1.01000
v 0.47000 -0.47000 1.01000
v 0.47000 -0.25000 1.01000
v 0.25000 -0.25000 1.01000
v 0.47000 -0.47000 0.71000
v 0.25000 -0.47000 0.71000
v 0.25000 -0.25000 0.71000
v 0.47000 -0.25000 0.71000
v 0.47500 -0.36000 1.00000
v 0.47108 -0.33024 1.00000
v 0.50006 -0.32247 1.36000
v 0.50500 -0.36000 1.36000
v 0.45959 -0.30250 1.00000
v 0.48557 -0.28750 1.36000
v 0.44132 -0.27868 1.00000
v 0.46253 -0.25747 1.36000
v 0.41750 -0.26041 1.00000
v 0.43250 -0.23443 1.36000
v 0.38976 -0.24892 1.00000
v 0.39753 -0.21994 1.36000
v 0.36000 -0.24500 1.00000
v 0.36000 -0.21500 1.36000
v 0.33024 -0.24892 1.00000
v 0.32247 -0.21994 1.36000
v 0.30250 -0.26041 1.00000
v 0.28750 -0.23443 1.36000
v 0.27868 -0.27868 1.00000
v 0.25747 -0.25747 1.36000
v 0.26041 -0.30250 1.00000
v 0.23443 -0.28750 1.36000
v 0.24892 -0.33024 1.00000
v 0.21994 -0.32247 1.36000
v 0.24500 -0.36000 1.00000
v 0.21500 -0.36000 1.36000
v 0.24892 -0.38976 1.00000
v 0.21994 -0.39753 1.36000
v 0.26041 -0.41750 1.00000
v 0.23443 -0.43250 1.36000
v 0.27868 -0.44132 1.00000
v 0.25747 -0.46253 1.36000
v 0.30250 -0.45959 1.00000
v 0.28750 -0.48557 1.36000
v 0.33024 -0.47108 1.00000
v 0.32247 -0.50006 1.36000
v 0.36000 -0.47500 1.00000
v 0.36000 -0.50500 1.36000
v 0.38976 -0.47108 1.00000
v 0.39753 -0.50006 1.36000
v 0.41750 -0.45959 1.00000
v 0.43250 -0.48557 1.36000
v 0.44132 -0.44132 1.00000
v 0.46253 -0.46253 1.36000
v 0.45959 -0.41750 1.00000
v 0.48557 -0.43250 1.36000
v 0.47108 -0.38976 1.00000
v 0.50006 -0.39753 1.36000
v 0.36000 -0.36000 1.36000
v 0.47000 0.30000 -1.02000
v 0.46421 0.34400 -1.02000
v 0.46421 0.34400 -0.88000
v 0.47000 0.30000 -0.88000
v 0.44722 0.38500 -1.02000
v 0.44722 0.38500 -0.88000
v 0.42021 0.42021 -1.02000
v 0.42021 0.42021 -0.88000
v 0.38500 0.44722 -1.02000
v 0.38500 0.44722 -0.88000
v 0.34400 0.46421 -1.02000
v 0.34400 0.46421 -0.88000
v 0.30000 0.47000 -1.02000
v 0.30000 0.47000 -0.88000
v 0.25600 0.46421 -1.02000
v 0.25600 0.46421 -0.88000
v 0.21500 0.44722 -1.02000
v 0.21500 0.44722 -0.88000
v 0.17979 0.42021 -1.02000
v 0.17979 0.42021 -0.88000
v 0.15278 0.38500 -1.02000
v 0.15278 0.38500 -0.88000
v 0.13579 0.34400 -1.02000
v 0.13579 0.34400 -0.88000
v 0.13000 0.30000 -1.02000
v 0.13000 0.30000 -0.88000
v 0.13579 0.25600 -1.02000
v 0.13579 0.25600 -0.88000
v 0.15278 0.21500 -1.02000
v 0.15278 0.21500 -0.88000
v 0.17979 0.17979 -1.02000
v 0.17979 0.17979 -0.88000
v 0.21500 0.15278 -1.02000
v 0.21500 0.15278 -0.88000
v 0.25600 0.13579 -1.02000
v 0.25600 0.13579 -0.88000
v 0.30000 0.13000 -1.02000
v 0.30000 0.13000 -0.88000
v 0.34400 0.13579 -1.02000
v 0.34400 0.13579 -0.88000
v 0.38500 0.15278 -1.02000
v 0.38500 0.15278 -0.88000
v 0.42021 0.17979 -1.02000
v 0.42021 0.17979 -0.88000
v 0.44722 0.21500 -1.02000
v 0.44722 0.21500 -0.88000
v 0.46421 0.25600 -1.02000
v 0.46421 0.25600 -0.88000
v 0.30000 0.30000 -1.02000
v 0.30000 0.30000 -0.88000
v -0.13000 0.30000 -1.02000
v -0.13579 0.34400 -1.02000
v -0.13579 0.34400 -0.88000
v -0.13000 0.30000 -0.88000
v -0.15278 0.38500 -1.02000
v -0.15278 0.38500 -0.88000
v -0.17979 0.42021 -1.02000
v -0.17979 0.42021 -0.88000
v -0.21500 0.44722 -1.02000
v -0.21500 0.44722 -0.88000
v -0.25600 0.46421 -1.02000
v -0.25600 0.46421 -0.88000
v -0.30000 0.47000 -1.02000
v -0.30000 0.47000 -0.88000
v -0.34400 0.46421 -1.02000
v -0.34400 0.46421 -0.88000
v -0.38500 0.44722 -1.02000
v -0.38500 0.44722 -0.88000
v -0.42021 0.42021 -1.02000
v -0.42021 0.42021 -0.88000
v -0.44722 0.38500 -1.02000
v -0.44722 0.38500 -0.88000
v -0.46421 0.34400 -1.02000
v -0.46421 0.34400 -0.88000
v -0.47000 0.30000 -1.02000
v -0.47000 0.30000 -0.88000
v -0.46421 0.25600 -1.02000
v -0.46421 0.25600 -0.88000
v -0.44722 0.21500 -1.02000
v -0.44722 0.21500 -0.88000
v -0.42021 0.17979 -1.02000
v -0.42021 0.17979 -0.88000
v -0.38500 0.15278 -1.02000
v -0.38500 0.15278 -0.88000
v -0.34400 0.13579 -1.02000
v -0.34400 0.13579 -0.88000
v -0.30000 0.13000 -1.02000
v -0.30000 0.13000 -0.88000
v -0.25600 0.13579 -1.02000
v -0.25600 0.13579 -0.88000
v -0.21500 0.15278 -1.02000
v -0.21500 0.15278 -0.88000
v -0.17979 0.17979 -1.02000
v -0.17979 0.17979 -0.88000
v -0.15278 0.21500 -1.02000
v -0.15278 0.21500 -0.88000
v -0.13579 0.25600 -1.02000
v -0.13579 0.25600 -0.88000
v -0.30000 0.30000 -1.02000
v -0.30000 0.30000 -0.88000
v 0.47000 -0.30000 -1.02000
v 0.46421 -0.25600 -1.02000
v 0.46421 -0.25600 -0.88000
v 0.47000 -0.30000 -0.88000
v 0.44722 -0.21500 -1.02000
v 0.44722 -0.21500 -0.88000
v 0.42021 -0.17979 -1.02000
v 0.42021 -0.17979 -0.88000
v 0.38500 -0.15278 -1.02000
v 0.38500 -0.15278 -0.88000
v 0.34400 -0.13579 -1.02000
v 0.34400 -0.13579 -0.88000
v 0.30000 -0.13000 -1.02000
v 0.30000 -0.13000 -0.88000
v 0.25600 -0.13579 -1.02000
v 0.25600 -0.13579 -0.88000
v 0.21500 -0.15278 -1.02000
v 0.21500 -0.15278 -0.88000
v 0.17979 -0.17979 -1.02000
v 0.17979 -0.17979 -0.88000
v 0.15278 -0.21500 -1.02000
v 0.15278 -0.21500 -0.88000
v 0.13579 -0.25600 -1.02000
v 0.13579 -0.25600 -0.88000
v 0.13000 -0.30000 -1.02000
v 0.13000 -0.30000 -0.88000
v 0.13579 -0.34400 -1.02000
v 0.13579 -0.34400 -0.88000
v 0.15278 -0.38500 -1.02000
v 0.15278 -0.38500 -0.88000
v 0.17979 -0.42021 -1.02000
v 0.17979 -0.42021 -0.88000
v 0.21500 -0.44722 -1.02000
v 0.21500 -0.44722 -0.88000
v 0.25600 -0.46421 -1.02000
v 0.25600 -0.46421 -0.88000
v 0.30000 -0.47000 -1.02000
v 0.30000 -0.47000 -0.88000
v 0.34400 -0.46421 -1.02000
v 0.34400 -0.46421 -0.88000
v 0.38500 -0.44722 -1.02000
v 0.38500 -0.44722 -0.88000
v 0.42021 -0.42021 -1.02000
v 0.42021 -0.42021 -0.88000
v 0.44722 -0.38500 -1.02000
v 0.44722 -0.38500 -0.88000
v 0.46421 -0.34400 -1.02000
v 0.46421 -0.34400 -0.88000
v 0.30000 -0.30000 -1.02000
v 0.30000 -0.30000 -0.88000
v -0.13000 -0.30000 -1.02000
v -0.13579 -0.25600 -1.02000
v -0.13579 -0.25600 -0.88000
v -0.13000 -0.30000 -0.88000
v -0.15278 -0.21500 -1.02000
v -0.15278 -0.21500 -0.88000
v -0.17979 -0.17979 -1.02000
v -0.17979 -0.17979 -0.88000
v -0.21500 -0.15278 -1.02000
v -0.21500 -0.15278 -0.88000
v -0.25600 -0.13579 -1.02000
v -0.25600 -0.13579 -0.88000
v -0.30000 -0.13000 -1.02000
v -0.30000 -0.13000 -0.88000
v -0.34400 -0.13579 -1.02000
v -0.34400 -0.13579 -0.88000
v -0.38500 -0.15278 -1.02000
v -0.38500 -0.15278 -0.88000
v -0.42021 -0.17979 -1.02000
v -0.42021 -0.17979 -0.88000
v -0.44722 -0.21500 -1.02000
v -0.44722 -0.21500 -0.88000
v -0.46421 -0.25600 -1.02000
v -0.46421 -0.25600 -0.88000
v -0.47000 -0.30000 -1.02000
v -0.47000 -0.30000 -0.88000
v -0.46421 -0.34400 -1.02000
v -0.46421 -0.34400 -0.88000
v -0.44722 -0.38500 -1.02000
v -0.44722 -0.38500 -0.88000
v -0.42021 -0.42021 -1.02000
v -0.42021 -0.42021 -0.88000
v -0.38500 -0.44722 -1.02000
v -0.38500 -0.44722 -0.88000
v -0.34400 -0.46421 -1.02000
v -0.34400 -0.46421 -0.88000
v -0.30000 -0.47000 -1.02000
v -0.30000 -0.47000 -0.88000
v -0.25600 -0.46421 -1.02000
v -0.25600 -0.46421 -0.88000
v -0.21500 -0.44722 -1.02000
v -0.21500 -0.44722 -0.88000
v -0.17979 -0.42021 -1.02000
v -0.17979 -0.42021 -0.88000
v -0.15278 -0.38500 -1.02000
v -0.15278 -0.38500 -0.88000
v -0.13579 -0.34400 -1.02000
v -0.13579 -0.34400 -0.88000
v -0.30000 -0.30000 -1.02000
v -0.30000 -0.30000 -0.88000
v 0.07000 0.00000 -1.05000
v 0.06467 0.02679 -1.05000
v 0.06467 0.02679 -1.45000
v 0.07000 0.00000 -1.45000
v 0.04950 0.04950 -1.05000
v 0.04950 0.04950 -1.45000
v 0.02679 0.06467 -1.05000
v 0.02679 0.06467 -1.45000
v 0.00000 0.07000 -1.05000
v 0.00000 0.07000 -1.45000
v -0.02679 0.06467 -1.05000
v -0.02679 0.06467 -1.45000
v -0.04950 0.04950 -1.05000
v -0.04950 0.04950 -1.45000
v -0.06467 0.02679 -1.05000
v -0.06467 0.02679 -1.45000
v -0.07000 0.00000 -1.05000
v -0.07000 0.00000 -1.45000
v -0.06467 -0.02679 -1.05000
v -0.06467 -0.02679 -1.45000
v -0.04950 -0.04950 -1.05000
v -0.04950 -0.04950 -1.45000
v -0.02679 -0.06467 -1.05000
v -0.02679 -0.06467 -1.45000
v -0.00000 -0.07000 -1.05000
v -0.00000 -0.07000 -1.45000
v 0.02679 -0.06467 -1.05000
v 0.02679 -0.06467 -1.45000
v 0.04950 -0.04950 -1.05000
v 0.04950 -0.04950 -1.45000
v 0.06467 -0.02679 -1.05000
v 0.06467 -0.02679 -1.45000
v 0.00000 0.00000 -1.05000
v 0.00000 0.00000 -1.45000
v 0.00000 0.06022 -1.47472
v 0.01017 0.05946 -1.47445
v 0.02009 0.05721 -1.47367
v 0.02951 0.05353 -1.47238
v 0.03821 0.04850 -1.47062
v 0.04596 0.04225 -1.46843
v 0.05259 0.03493 -1.46587
v 0.05792 0.02672 -1.46299
v 0.06182 0.01782 -1.45988
v 0.06420 0.00846 -1.45660
v 0.06500 -0.00114 -1.45324
v 0.06420 -0.01073 -1.44989
v 0.06182 -0.02009 -1.44661
v 0.05792 -0.02899 -1.44350
v 0.05259 -0.03720 -1.44062
v 0.04596 -0.04452 -1.43806
v 0.03821 -0.05077 -1.43587
v 0.02951 -0.05580 -1.43411
v 0.02009 -0.05948 -1.43282
v 0.01017 -0.06173 -1.43204
v 0.00000 -0.06249 -1.43177
v -0.01017 -0.06173 -1.43204
v -0.02009 -0.05948 -1.43282
v -0.02951 -0.05580 -1.43411
v -0.03821 -0.05077 -1.43587
v -0.04596 -0.04452 -1.43806
v -0.05259 -0.03720 -1.44062
v -0.05792 -0.02899 -1.44350
v -0.06182 -0.02009 -1.44661
v -0.06420 -0.01073 -1.44989
v -0.06500 -0.00114 -1.45324
v -0.06420 0.00846 -1.45660
v -0.06182 0.01782 -1.45988
v -0.05792 0.02672 -1.46299
v -0.05259 0.03493 -1.46587
v -0.04596 0.04225 -1.46843
v -0.03821 0.04850 -1.47062
v -0.02951 0.05353 -1.47238
v -0.02009 0.05721 -1.47367
v -0.01017 0.05946 -1.47445
v 0.00000 0.11816 -1.50592
v 0.02034 0.11665 -1.50539
v 0.04017 0.11215 -1.50382
v 0.05902 0.10479 -1.50124
v 0.07641 0.09473 -1.49772
v 0.09192 0.08222 -1.49335
v 0.10517 0.06758 -1.48822
v 0.11583 0.05116 -1.48247
v 0.12364 0.03337 -1.47625
v 0.12840 0.01465 -1.46970
v 0.13000 -0.00454 -1.46298
v 0.12840 -0.02374 -1.45626
v 0.12364 -0.04246 -1.44971
v 0.11583 -0.06025 -1.44348
v 0.10517 -0.07666 -1.43774
v 0.09192 -0.09131 -1.43261
v 0.07641 -0.10381 -1.42823
v 0.05902 -0.11387 -1.42471
v 0.04017 -0.12124 -1.42213
v 0.02034 -0.12573 -1.42056
v 0.00000 -0.12724 -1.42003
v -0.02034 -0.12573 -1.42056
v -0.04017 -0.12124 -1.42213
v -0.05902 -0.11387 -1.42471
v -0.07641 -0.10381 -1.42823
v -0.09192 -0.09131 -1.43261
v -0.10517 -0.07666 -1.43774
v -0.11583 -0.06025 -1.44348
v -0.12364 -0.04246 -1.44971
v -0.12840 -0.02374 -1.45626
v -0.13000 -0.00454 -1.46298
v -0.12840 0.01465 -1.46970
v -0.12364 0.03337 -1.47625
v -0.11583 0.05116 -1.48247
v -0.10517 0.06758 -1.48822
v -0.09192 0.08222 -1.49335
v -0.07641 0.09473 -1.49772
v -0.05902 0.10479 -1.50124
v -0.04017 0.11215 -1.50382
v -0.02034 0.11665 -1.50539
v 0.00000 0.17383 -1.54362
v 0.03050 0.17157 -1.54283
v 0.06026 0.16482 -1.54047
v 0.08853 0.15377 -1.53660
v 0.11462 0.13868 -1.53132
v 0.13789 0.11992 -1.52475
v 0.15776 0.09796 -1.51706
v 0.17375 0.07334 -1.50845
v 0.18546 0.04666 -1.49911
v 0.19260 0.01857 -1.48928
v 0.19500 -0.01022 -1.47920
v 0.19260 -0.03901 -1.46912
v 0.18546 -0.06710 -1.45929
v 0.17375 -0.09378 -1.44996
v 0.15776 -0.11840 -1.44134
v 0.13789 -0.14036 -1.43365
v 0.11462 -0.15912 -1.42709
v 0.08853 -0.17421 -1.42180
v 0.06026 -0.18526 -1.41794
v 0.03050 -0.19201 -1.41558
v 0.00000 -0.19427 -1.41478
v -0.03050 -0.19201 -1.41558
v -0.06026 -0.18526 -1.41794
v -0.08853 -0.17421 -1.42180
v -0.11462 -0.15912 -1.42709
v -0.13789 -0.14036 -1.43365
v -0.15776 -0.11840 -1.44134
v -0.17375 -0.09378 -1.44996
v -0.18546 -0.06710 -1.45929
v -0.19260 -0.03901 -1.46912
v -0.19500 -0.01022 -1.47920
v -0.19260 0.01857 -1.48928
v -0.18546 0.04666 -1.49911
v -0.17375 0.07334 -1.50845
v -0.15776 0.09796 -1.51706
v -0.13789 0.11992 -1.52475
v -0.11462 0.13868 -1.53132
v -0.08853 0.15377 -1.53660
v -0.06026 0.16482 -1.54047
v -0.03050 0.17157 -1.54283
v 0.00000 0.22723 -1.58780
v 0.04067 0.22421 -1.58675
v 0.08034 0.21522 -1.58360
v 0.11804 0.20049 -1.57844
v 0.15282 0.18037 -1.57140
v 0.18385 0.15536 -1.56265
v 0.21034 0.12608 -1.55240
v 0.23166 0.09324 -1.54091
v 0.24727 0.05766 -1.52845
v 0.25680 0.02022 -1.51535
v 0.26000 -0.01817 -1.50191
v 0.25680 -0.05656 -1.48848
v 0.24727 -0.09400 -1.47537
v 0.23166 -0.12958 -1.46292
v 0.21034 -0.16241 -1.45143
v 0.18385 -0.19170 -1.44118
v 0.15282 -0.21670 -1.43242
v 0.11804 -0.23683 -1.42538
v 0.08034 -0.25156 -1.42022
v 0.04067 -0.26055 -1.41708
v 0.00000 -0.26357 -1.41602
v -0.04067 -0.26055 -1.41708
v -0.08034 -0.25156 -1.42022
v -0.11804 -0.23683 -1.42538
v -0.15282 -0.21670 -1.43242
v -0.18385 -0.19170 -1.44118
v -0.21034 -0.16241 -1.45143
v -0.23166 -0.12958 -1.46292
v -0.24727 -0.09400 -1.47537
v -0.25680 -0.05656 -1.48848
v -0.26000 -0.01817 -1.50191
v -0.25680 0.02022 -1.51535
v -0.24727 0.05766 -1.52845
v -0.23166 0.09324 -1.54091
v -0.21034 0.12608 -1.55240
v -0.18385 0.15536 -1.56265
v -0.15282 0.18037 -1.57140
v -0.11804 0.20049 -1.57844
v -0.08034 0.21522 -1.58360
v -0.04067 0.22421 -1.58675
v 0.00000 0.27836 -1.63848
v 0.05084 0.27459 -1.63715
v 0.10043 0.26335 -1.63322
v 0.14755 0.24493 -1.62677
v 0.19103 0.21978 -1.61797
v 0.22981 0.18852 -1.60703
v 0.26293 0.15192 -1.59422
v 0.28958 0.11087 -1.57986
v 0.30909 0.06640 -1.56429
v 0.32100 0.01960 -1.54791
v 0.32500 -0.02839 -1.53111
v 0.32100 -0.07638 -1.51432
v 0.30909 -0.12318 -1.49794
v 0.28958 -0.16765 -1.48237
v 0.26293 -0.20869 -1.46801
v 0.22981 -0.24530 -1.45520
v 0.19103 -0.27656 -1.44425
v 0.14755 -0.30171 -1.43545
v 0.10043 -0.32013 -1.42900
v 0.05084 -0.33137 -1.42507
v 0.00000 -0.33514 -1.42375
v -0.05084 -0.33137 -1.42507
v -0.10043 -0.32013 -1.42900
v -0.14755 -0.30171 -1.43545
v -0.19103 -0.27656 -1.44425
v -0.22981 -0.24530 -1.45520
v -0.26293 -0.20869 -1.46801
v -0.28958 -0.16765 -1.48237
v -0.30909 -0.12318 -1.49794
v -0.32100 -0.07638 -1.51432
v -0.32500 -0.02839 -1.53111
v -0.32100 0.01960 -1.54791
v -0.30909 0.06640 -1.56429
v -0.28958 0.11087 -1.57986
v -0.26293 0.15192 -1.59422
v -0.22981 0.18852 -1.60703
v -0.19103 0.21978 -1.61797
v -0.14755 0.24493 -1.62677
v -0.10043 0.26335 -1.63322
v -0.05084 0.27459 -1.63715
v 0.00000 0.32722 -1.69564
v 0.06101 0.32269 -1.69405
v 0.12052 0.30921 -1.68933
v 0.17706 0.28710 -1.68160
v 0.22924 0.25692 -1.67103
v 0.27577 0.21941 -1.65790
v 0.31552 0.17549 -1.64253
v 0.34749 0.12624 -1.62529
v 0.37091 0.07287 -1.60662
v 0.38520 0.01670 -1.58696
v 0.39000 -0.04088 -1.56680
v 0.38520 -0.09847 -1.54665
v 0.37091 -0.15463 -1.52699
v 0.34749 -0.20800 -1.50831
v 0.31552 -0.25725 -1.49107
v 0.27577 -0.30117 -1.47570
v 0.22924 -0.33868 -1.46257
v 0.17706 -0.36886 -1.45201
v 0.12052 -0.39097 -1.44427
v 0.06101 -0.40445 -1.43955
v 0.00000 -0.40899 -1.43797
v -0.06101 -0.40445 -1.43955
v -0.12052 -0.39097 -1.44427
v -0.17706 -0.36886 -1.45201
v -0.22924 -0.33868 -1.46257
v -0.27577 -0.30117 -1.47570
v -0.31552 -0.25725 -1.49107
v -0.34749 -0.20800 -1.50831
v -0.37091 -0.15463 -1.52699
v -0.38520 -0.09847 -1.54665
v -0.39000 -0.04088 -1.56680
v -0.38520 0.01670 -1.58696
v -0.37091 0.07287 -1.60662
v -0.34749 0.12624 -1.62529
v -0.31552 0.17549 -1.64253
v -0.27577 0.21941 -1.65790
v -0.22924 0.25692 -1.67103
v -0.17706 0.28710 -1.68160
v -0.12052 0.30921 -1.68933
v -0.06101 0.32269 -1.69405
v 0.00000 0.37381 -1.75929
v 0.07118 0.36852 -1.75744
v 0.14060 0.35279 -1.75193
v 0.20657 0.32700 -1.74291
v 0.26744 0.29179 -1.73058
v 0.32173 0.24803 -1.71527
v 0.36810 0.19678 -1.69733
v 0.40541 0.13933 -1.67722
v 0.43273 0.07707 -1.65543
v 0.44940 0.01154 -1.63249
v 0.45500 -0.05564 -1.60898
v 0.44940 -0.12283 -1.58547
v 0.43273 -0.18835 -1.56253
v 0.40541 -0.25061 -1.54074
v 0.36810 -0.30807 -1.52063
v 0.32173 -0.35931 -1.50270
v 0.26744 -0.40308 -1.48738
v 0.20657 -0.43829 -1.47505
v 0.14060 -0.46408 -1.46603
v 0.07118 -0.47981 -1.46052
v 0.00000 -0.48510 -1.45867
v -0.07118 -0.47981 -1.46052
v -0.14060 -0.46408 -1.46603
v -0.20657 -0.43829 -1.47505
v -0.26744 -0.40308 -1.48738
v -0.32173 -0.35931 -1.50270
v -0.36810 -0.30807 -1.52063
v -0.40541 -0.25061 -1.54074
v -0.43273 -0.18835 -1.56253
v -0.44940 -0.12283 -1.58547
v -0.45500 -0.05564 -1.60898
v -0.44940 0.01154 -1.63249
v -0.43273 0.07707 -1.65543
v -0.40541 0.13933 -1.67722
v -0.36810 0.19678 -1.69733
v -0.32173 0.24803 -1.71527
v -0.26744 0.29179 -1.73058
v -0.20657 0.32700 -1.74291
v -0.14060 0.35279 -1.75193
v -0.07118 0.36852 -1.75744
v 0.00000 0.41813 -1.82943
v 0.08135 0.41209 -1.82732
v 0.16069 0.39411 -1.82102
v 0.23608 0.36463 -1.81071
v 0.30565 0.32439 -1.79662
v 0.36770 0.27438 -1.77912
v 0.42069 0.21581 -1.75862
v 0.46332 0.15014 -1.73564
v 0.49455 0.07899 -1.71073
v 0.51360 0.00410 -1.68452
v 0.52000 -0.07268 -1.65765
v 0.51360 -0.14946 -1.63078
v 0.49455 -0.22434 -1.60457
v 0.46332 -0.29550 -1.57966
v 0.42069 -0.36117 -1.55668
v 0.36770 -0.41973 -1.53618
v 0.30565 -0.46975 -1.51867
v 0.23608 -0.50999 -1.50459
v 0.16069 -0.53946 -1.49427
v 0.08135 -0.55744 -1.48798
v 0.00000 -0.56348 -1.48587
v -0.08135 -0.55744 -1.48798
v -0.16069 -0.53946 -1.49427
v -0.23608 -0.50999 -1.50459
v -0.30565 -0.46975 -1.51867
v -0.36770 -0.41973 -1.53618
v -0.42069 -0.36117 -1.55668
v -0.46332 -0.29550 -1.57966
v -0.49455 -0.22434 -1.60457
v -0.51360 -0.14946 -1.63078
v -0.52000 -0.07268 -1.65765
v -0.51360 0.00410 -1.68452
v -0.49455 0.07899 -1.71073
v -0.46332 0.15014 -1.73564
v -0.42069 0.21581 -1.75862
v -0.36770 0.27438 -1.77912
v -0.30565 0.32439 -1.79662
v -0.23608 0.36463 -1.81071
v -0.16069 0.39411 -1.82102
v -0.08135 0.41209 -1.82732
v 0.05500 0.00000 -0.06000
v 0.05081 0.02105 -0.06000
v 0.05081 0.02105 0.06000
v 0.05500 0.00000 0.06000
v 0.03889 0.03889 -0.06000
v 0.03889 0.03889 0.06000
v 0.02105 0.05081 -0.06000
v 0.02105 0.05081 0.06000
v 0.00000 0.05500 -0.06000
v 0.00000 0.05500 0.06000
v -0.02105 0.05081 -0.06000
v -0.02105 0.05081 0.06000
v -0.03889 0.03889 -0.06000
v -0.03889 0.03889 0.06000
v -0.05081 0.02105 -0.06000
v -0.05081 0.02105 0.06000
v -0.05500 0.00000 -0.06000
v -0.05500 0.00000 0.06000
v -0.05081 -0.02105 -0.06000
v -0.05081 -0.02105 0.06000
v -0.03889 -0.03889 -0.06000
v -0.03889 -0.03889 0.06000
v -0.02105 -0.05081 -0.06000
v -0.02105 -0.05081 0.06000
v -0.00000 -0.05500 -0.06000
v -0.00000 -0.05500 0.06000
v 0.02105 -0.05081 -0.06000
v 0.02105 -0.05081 0.06000
v 0.03889 -0.03889 -0.06000
v 0.03889 -0.03889 0.06000
v 0.05081 -0.02105 -0.06000
v 0.05081 -0.02105 0.06000
v 0.00000 0.00000 -0.06000
v 0.00000 0.00000 0.06000
v -0.05000 0.55000 0.05000
v 0.05000 0.55000 0.05000
v 0.05000 1.05000 0.05000
v -0.05000 1.05000 0.05000
v 0.05000 0.55000 -0.05000
v -0.05000 0.55000 -0.05000
v -0.05000 1.05000 -0.05000
v 0.05000 1.05000 -0.05000
v -0.01750 1.09000 0.62000
v 0.01750 1.09000 0.62000
v 0.01750 2.40000 0.62000
v -0.01750 2.40000 0.62000
v 0.01750 1.09000 -0.62000
v -0.01750 1.09000 -0.62000
v -0.01750 2.40000 -0.62000
v 0.01750 2.40000 -0.62000
v 0.02150 1.12000 -0.59000
v 0.02150 2.37000 -0.59000
v 0.02150 2.37000 0.59000
v 0.02150 1.12000 0.59000
v -0.02150 1.12000 0.59000
v -0.02150 2.37000 0.59000
v -0.02150 2.37000 -0.59000
v -0.02150 1.12000 -0.59000
v -0.01750 2.44000 0.62000
v 0.01750 2.44000 0.62000
v 0.01750 3.75000 0.62000
v -0.01750 3.75000 0.62000
v 0.01750 2.44000 -0.62000
v -0.01750 2.44000 -0.62000
v -0.01750 3.75000 -0.62000
v 0.01750 3.75000 -0.62000
v 0.02150 2.47000 -0.59000
v 0.02150 3.72000 -0.59000
v 0.02150 3.72000 0.59000
v 0.02150 2.47000 0.59000
v -0.02150 2.47000 0.59000
v -0.02150 3.72000 0.59000
v -0.02150 3.72000 -0.59000
v -0.02150 2.47000 -0.59000
v -0.01750 3.79000 0.62000
v 0.01750 3.79000 0.62000
v 0.01750 5.10000 0.62000
v -0.01750 5.10000 0.62000
v 0.01750 3.79000 -0.62000
v -0.01750 3.79000 -0.62000
v -0.01750 5.10000 -0.62000
v 0.01750 5.10000 -0.62000
v 0.02150 3.82000 -0.59000
v 0.02150 5.07000 -0.59000
v 0.02150 5.07000 0.59000
v 0.02150 3.82000 0.59000
v -0.02150 3.82000 0.59000
v -0.02150 5.07000 0.59000
v -0.02150 5.07000 -0.59000
v -0.02150 3.82000 -0.59000
v -0.05000 -1.05000 0.05000
v 0.05000 -1.05000 0.05000
v 0.05000 -0.55000 0.05000
v -0.05000 -0.55000 0.05000
v 0.05000 -1.05000 -0.05000
v -0.05000 -1.05000 -0.05000
v -0.05000 -0.55000 -0.05000
v 0.05000 -0.55000 -0.05000
v -0.01750 -2.40000 0.62000
v 0.01750 -2.40000 0.62000
v 0.01750 -1.09000 0.62000
v -0.01750 -1.09000 0.62000
v 0.01750 -2.40000 -0.62000
v -0.01750 -2.40000 -0.62000
v -0.01750 -1.09000 -0.62000
v 0.01750 -1.09000 -0.62000
v 0.02150 -2.37000 -0.59000
v 0.02150 -1.12000 -0.59000
v 0.02150 -1.12000 0.59000
v 0.02150 -2.37000 0.59000
v -0.02150 -2.37000 0.59000
v -0.02150 -1.12000 0.59000
v -0.02150 -1.12000 -0.59000
v -0.02150 -2.37000 -0.59000
v -0.01750 -3.75000 0.62000
v 0.01750 -3.75000 0.62000
v 0.01750 -2.44000 0.62000
v -0.01750 -2.44000 0.62000
v 0.01750 -3.75000 -0.62000
v -0.01750 -3.75000 -0.62000
v -0.01750 -2.44000 -0.62000
v 0.01750 -2.44000 -0.62000
v 0.02150 -3.72000 -0.59000
v 0.02150 -2.47000 -0.59000
v 0.02150 -2.47000 0.59000
v 0.02150 -3.72000 0.59000
v -0.02150 -3.72000 0.59000
v -0.02150 -2.47000 0.59000
v -0.02150 -2.47000 -0.59000
v -0.02150 -3.72000 -0.59000
v -0.01750 -5.10000 0.62000
v 0.01750 -5.10000 0.62000
v 0.01750 -3.79000 0.62000
v -0.01750 -3.79000 0.62000
v 0.01750 -5.10000 -0.62000
v -0.01750 -5.10000 -0.62000
v -0.01750 -3.79000 -0.62000
v 0.01750 -3.79000 -0.62000
v 0.02150 -5.07000 -0.59000
v 0.02150 -3.82000 -0.59000
v 0.02150 -3.82000 0.59000
v 0.02150 -5.07000 0.59000
v -0.02150 -5.07000 0.59000
v -0.02150 -3.82000 0.59000
v -0.02150 -3.82000 -0.59000
v -0.02150 -5.07000 -0.59000
vn 0.00000 0.00000 1.00000
vn 0.00000 0.00000 -1.00000
vn 1.00000 0.00000 0.00000
vn -1.00000 0.00000 0.00000
vn 0.00000 1.00000 0.00000
vn 0.00000 -1.00000 0.00000
vn 0.99589 0.00000 0.09054
vn 0.98737 0.12999 0.09054
vn 0.96196 0.25776 0.09054
vn 0.92009 0.38111 0.09054
vn 0.86247 0.49795 0.09054
vn 0.79010 0.60626 0.09054
vn 0.70420 0.70420 0.09054
vn 0.60626 0.79010 0.09054
vn 0.49795 0.86247 0.09054
vn 0.38111 0.92009 0.09054
vn 0.25776 0.96196 0.09054
vn 0.12999 0.98737 0.09054
vn 0.00000 0.99589 0.09054
vn -0.12999 0.98737 0.09054
vn -0.25776 0.96196 0.09054
vn -0.38111 0.92009 0.09054
vn -0.49795 0.86247 0.09054
vn -0.60626 0.79010 0.09054
vn -0.70420 0.70420 0.09054
vn -0.79010 0.60626 0.09054
vn -0.86247 0.49795 0.09054
vn -0.92009 0.38111 0.09054
vn -0.96196 0.25776 0.09054
vn -0.98737 0.12999 0.09054
vn -0.99589 0.00000 0.09054
vn -0.98737 -0.12999 0.09054
vn -0.96196 -0.25776 0.09054
vn -0.92009 -0.38111 0.09054
vn -0.86247 -0.49795 0.09054
vn -0.79010 -0.60626 0.09054
vn -0.70420 -0.70420 0.09054
vn -0.60626 -0.79010 0.09054
vn -0.49795 -0.86247 0.09054
vn -0.38111 -0.92009 0.09054
vn -0.25776 -0.96196 0.09054
vn -0.12999 -0.98737 0.09054
vn -0.00000 -0.99589 0.09054
vn 0.12999 -0.98737 0.09054
vn 0.25776 -0.96196 0.09054
vn 0.38111 -0.92009 0.09054
vn 0.49795 -0.86247 0.09054
vn 0.60626 -0.79010 0.09054
vn 0.70420 -0.70420 0.09054
vn 0.79010 -0.60626 0.09054
vn 0.86247 -0.49795 0.09054
vn 0.92009 -0.38111 0.09054
vn 0.96196 -0.25776 0.09054
vn 0.98737 -0.12999 0.09054
vn 0.99144 0.13053 0.00000
vn 0.96593 0.25882 0.00000
vn 0.92388 0.38268 0.00000
vn 0.86603 0.50000 0.00000
vn 0.79335 0.60876 0.00000
vn 0.70711 0.70711 0.00000
vn 0.60876 0.79335 0.00000
vn 0.50000 0.86603 0.00000
vn 0.38268 0.92388 0.00000
vn 0.25882 0.96593 0.00000
vn 0.13053 0.99144 0.00000
vn -0.13053 0.99144 0.00000
vn -0.25882 0.96593 0.00000
vn -0.38268 0.92388 0.00000
vn -0.50000 0.86603 0.00000
vn -0.60876 0.79335 0.00000
vn -0.70711 0.70711 0.00000
vn -0.79335 0.60876 0.00000
vn -0.86603 0.50000 0.00000
vn -0.92388 0.38268 0.00000
vn -0.96593 0.25882 0.00000
vn -0.99144 0.13053 0.00000
vn -0.99144 -0.13053 0.00000
vn -0.96593 -0.25882 0.00000
vn -0.92388 -0.38268 0.00000
vn -0.86603 -0.50000 0.00000
vn -0.79335 -0.60876 0.00000
vn -0.70711 -0.70711 0.00000
vn -0.60876 -0.79335 0.00000
vn -0.50000 -0.86603 0.00000
vn -0.38268 -0.92388 0.00000
vn -0.25882 -0.96593 0.00000
vn -0.13053 -0.99144 0.00000
vn 0.13053 -0.99144 0.00000
vn 0.25882 -0.96593 0.00000
vn 0.38268 -0.92388 0.00000
vn 0.50000 -0.86603 0.00000
vn 0.60876 -0.79335 0.00000
vn 0.70711 -0.70711 0.00000
vn 0.79335 -0.60876 0.00000
vn 0.86603 -0.50000 0.00000
vn 0.92388 -0.38268 0.00000
vn 0.96593 -0.25882 0.00000
vn 0.99144 -0.13053 0.00000
vn 0.97811 0.00000 -0.20811
vn 0.96974 0.12767 -0.20811
vn 0.94478 0.25315 -0.20811
vn 0.90365 0.37430 -0.20811
vn 0.84706 0.48905 -0.20811
vn 0.77598 0.59543 -0.20811
vn 0.69163 0.69163 -0.20811
vn 0.59543 0.77598 -0.20811
vn 0.48905 0.84706 -0.20811
vn 0.37430 0.90365 -0.20811
vn 0.25315 0.94478 -0.20811
vn 0.12767 0.96974 -0.20811
vn 0.00000 0.97811 -0.20811
vn -0.12767 0.96974 -0.20811
vn -0.25315 0.94478 -0.20811
vn -0.37430 0.90365 -0.20811
vn -0.48905 0.84706 -0.20811
vn -0.59543 0.77598 -0.20811
vn -0.69163 0.69163 -0.20811
vn -0.77598 0.59543 -0.20811
vn -0.84706 0.48905 -0.20811
vn -0.90365 0.37430 -0.20811
vn -0.94478 0.25315 -0.20811
vn -0.96974 0.12767 -0.20811
vn -0.97811 0.00000 -0.20811
vn -0.96974 -0.12767 -0.20811
vn -0.94478 -0.25315 -0.20811
vn -0.90365 -0.37430 -0.20811
vn -0.84706 -0.48905 -0.20811
vn -0.77598 -0.59543 -0.20811
vn -0.69163 -0.69163 -0.20811
vn -0.59543 -0.77598 -0.20811
vn -0.48905 -0.84706 -0.20811
vn -0.37430 -0.90365 -0.20811
vn -0.25315 -0.94478 -0.20811
vn -0.12767 -0.96974 -0.20811
vn -0.00000 -0.97811 -0.20811
vn 0.12767 -0.96974 -0.20811
vn 0.25315 -0.94478 -0.20811
vn 0.37430 -0.90365 -0.20811
vn 0.48905 -0.84706 -0.20811
vn 0.59543 -0.77598 -0.20811
vn 0.69163 -0.69163 -0.20811
vn 0.77598 -0.59543 -0.20811
vn 0.84706 -0.48905 -0.20811
vn 0.90365 -0.37430 -0.20811
vn 0.94478 -0.25315 -0.20811
vn 0.96974 -0.12767 -0.20811
vn 0.03701 0.00000 -0.99931
vn 0.03670 0.00483 -0.99931
vn 0.03575 0.00958 -0.99931
vn 0.03419 0.01416 -0.99931
vn 0.03205 0.01851 -0.99931
vn 0.02936 0.02253 -0.99931
vn 0.02617 0.02617 -0.99931
vn 0.02253 0.02936 -0.99931
vn 0.01851 0.03205 -0.99931
vn 0.01416 0.03419 -0.99931
vn 0.00958 0.03575 -0.99931
vn 0.00483 0.03670 -0.99931
vn 0.00000 0.03701 -0.99931
vn -0.00483 0.03670 -0.99931
vn -0.00958 0.03575 -0.99931
vn -0.01416 0.03419 -0.99931
vn -0.01851 0.03205 -0.99931
vn -0.02253 0.02936 -0.99931
vn -0.02617 0.02617 -0.99931
vn -0.02936 0.02253 -0.99931
vn -0.03205 0.01851 -0.99931
vn -0.03419 0.01416 -0.99931
vn -0.03575 0.00958 -0.99931
vn -0.03670 0.00483 -0.99931
vn -0.03701 0.00000 -0.99931
vn -0.03670 -0.00483 -0.99931
vn -0.03575 -0.00958 -0.99931
vn -0.03419 -0.01416 -0.99931
vn -0.03205 -0.01851 -0.99931
vn -0.02936 -0.02253 -0.99931
vn -0.02617 -0.02617 -0.99931
vn -0.02253 -0.02936 -0.99931
vn -0.01851 -0.03205 -0.99931
vn -0.01416 -0.03419 -0.99931
vn -0.00958 -0.03575 -0.99931
vn -0.00483 -0.03670 -0.99931
vn -0.00000 -0.03701 -0.99931
vn 0.00483 -0.03670 -0.99931
vn 0.00958 -0.03575 -0.99931
vn 0.01416 -0.03419 -0.99931
vn 0.01851 -0.03205 -0.99931
vn 0.02253 -0.02936 -0.99931
vn 0.02617 -0.02617 -0.99931
vn 0.02936 -0.02253 -0.99931
vn 0.03205 -0.01851 -0.99931
vn 0.03419 -0.01416 -0.99931
vn 0.03575 -0.00958 -0.99931
vn 0.03670 -0.00483 -0.99931
vn 0.99655 0.00000 -0.08305
vn 0.96259 0.25793 -0.08305
vn 0.86303 0.49827 -0.08305
vn 0.70466 0.70466 -0.08305
vn 0.49827 0.86303 -0.08305
vn 0.25793 0.96259 -0.08305
vn 0.00000 0.99655 -0.08305
vn -0.25793 0.96259 -0.08305
vn -0.49827 0.86303 -0.08305
vn -0.70466 0.70466 -0.08305
vn -0.86303 0.49827 -0.08305
vn -0.96259 0.25793 -0.08305
vn -0.99655 0.00000 -0.08305
vn -0.96259 -0.25793 -0.08305
vn -0.86303 -0.49827 -0.08305
vn -0.70466 -0.70466 -0.08305
vn -0.49827 -0.86303 -0.08305
vn -0.25793 -0.96259 -0.08305
vn -0.00000 -0.99655 -0.08305
vn 0.25793 -0.96259 -0.08305
vn 0.49827 -0.86303 -0.08305
vn 0.70466 -0.70466 -0.08305
vn 0.86303 -0.49827 -0.08305
vn 0.96259 -0.25793 -0.08305
vn 0.00000 -0.33035 -0.94386
vn 0.00000 -0.42780 -0.90388
vn -0.01645 -0.42657 -0.90430
vn -0.00000 0.33035 0.94386
vn -0.00000 0.42780 0.90388
vn 0.01645 0.42657 0.90430
vn -0.03250 -0.42294 -0.90558
vn 0.03250 0.42294 0.90558
vn -0.04775 -0.41697 -0.90766
vn 0.04775 0.41697 0.90766
vn -0.06182 -0.40884 -0.91051
vn 0.06182 0.40884 0.91051
vn -0.07438 -0.39872 -0.91405
vn 0.07438 0.39872 0.91405
vn -0.08509 -0.38687 -0.91820
vn 0.08509 0.38687 0.91820
vn -0.09372 -0.37359 -0.92285
vn 0.09372 0.37359 0.92285
vn -0.10003 -0.35920 -0.92789
vn 0.10003 0.35920 0.92789
vn -0.10389 -0.34405 -0.93319
vn 0.10389 0.34405 0.93319
vn -0.10518 -0.32852 -0.93862
vn 0.10518 0.32852 0.93862
vn -0.10389 -0.31299 -0.94406
vn 0.10389 0.31299 0.94406
vn -0.10003 -0.29784 -0.94936
vn 0.10003 0.29784 0.94936
vn -0.09372 -0.28345 -0.95440
vn 0.09372 0.28345 0.95440
vn -0.08509 -0.27016 -0.95905
vn 0.08509 0.27016 0.95905
vn -0.07438 -0.25832 -0.96319
vn 0.07438 0.25832 0.96319
vn -0.06182 -0.24820 -0.96673
vn 0.06182 0.24820 0.96673
vn -0.04775 -0.24006 -0.96958
vn 0.04775 0.24006 0.96958
vn -0.03250 -0.23410 -0.97167
vn 0.03250 0.23410 0.97167
vn -0.01645 -0.23046 -0.97294
vn 0.01645 0.23046 0.97294
vn -0.00000 -0.22924 -0.97337
vn 0.00000 0.22924 0.97337
vn 0.01645 -0.23046 -0.97294
vn -0.01645 0.23046 0.97294
vn 0.03250 -0.23410 -0.97167
vn -0.03250 0.23410 0.97167
vn 0.04775 -0.24006 -0.96958
vn -0.04775 0.24006 0.96958
vn 0.06182 -0.24820 -0.96673
vn -0.06182 0.24820 0.96673
vn 0.07438 -0.25832 -0.96319
vn -0.07438 0.25832 0.96319
vn 0.08509 -0.27016 -0.95905
vn -0.08509 0.27016 0.95905
vn 0.09372 -0.28345 -0.95440
vn -0.09372 0.28345 0.95440
vn 0.10003 -0.29784 -0.94936
vn -0.10003 0.29784 0.94936
vn 0.10389 -0.31299 -0.94406
vn -0.10389 0.31299 0.94406
vn 0.10518 -0.32852 -0.93862
vn -0.10518 0.32852 0.93862
vn 0.10389 -0.34405 -0.93319
vn -0.10389 0.34405 0.93319
vn 0.10003 -0.35920 -0.92789
vn -0.10003 0.35920 0.92789
vn 0.09372 -0.37359 -0.92285
vn -0.09372 0.37359 0.92285
vn 0.08509 -0.38687 -0.91820
vn -0.08509 0.38687 0.91820
vn 0.07438 -0.39872 -0.91405
vn -0.07438 0.39872 0.91405
vn 0.06182 -0.40884 -0.91051
vn -0.06182 0.40884 0.91051
vn 0.04775 -0.41697 -0.90766
vn -0.04775 0.41697 0.90766
vn 0.03250 -0.42294 -0.90558
vn -0.03250 0.42294 0.90558
vn 0.01645 -0.42657 -0.90430
vn -0.01645 0.42657 0.90430
vn 0.00000 -0.51854 -0.85505
vn -0.03238 -0.51613 -0.85590
vn -0.00000 0.51854 0.85505
vn 0.03238 0.51613 0.85590
vn -0.06395 -0.50898 -0.85840
vn 0.06395 0.50898 0.85840
vn -0.09396 -0.49725 -0.86251
vn 0.09396 0.49725 0.86251
vn -0.12165 -0.48123 -0.86811
vn 0.12165 0.48123 0.86811
vn -0.14634 -0.46132 -0.87508
vn 0.14634 0.46132 0.87508
vn -0.16743 -0.43802 -0.88324
vn 0.16743 0.43802 0.88324
vn -0.18440 -0.41188 -0.89238
vn 0.18440 0.41188 0.89238
vn -0.19683 -0.38356 -0.90230
vn 0.19683 0.38356 0.90230
vn -0.20441 -0.35376 -0.91273
vn 0.20441 0.35376 0.91273
vn -0.20696 -0.32320 -0.92342
vn 0.20696 0.32320 0.92342
vn -0.20441 -0.29264 -0.93412
vn 0.20441 0.29264 0.93412
vn -0.19683 -0.26283 -0.94455
vn 0.19683 0.26283 0.94455
vn -0.18440 -0.23452 -0.95446
vn 0.18440 0.23452 0.95446
vn -0.16743 -0.20838 -0.96361
vn 0.16743 0.20838 0.96361
vn -0.14634 -0.18507 -0.97177
vn 0.14634 0.18507 0.97177
vn -0.12165 -0.16517 -0.97874
vn 0.12165 0.16517 0.97874
vn -0.09396 -0.14915 -0.98434
vn 0.09396 0.14915 0.98434
vn -0.06395 -0.13742 -0.98845
vn 0.06395 0.13742 0.98845
vn -0.03238 -0.13026 -0.99095
vn 0.03238 0.13026 0.99095
vn -0.00000 -0.12786 -0.99179
vn 0.00000 0.12786 0.99179
vn 0.03238 -0.13026 -0.99095
vn -0.03238 0.13026 0.99095
vn 0.06395 -0.13742 -0.98845
vn -0.06395 0.13742 0.98845
vn 0.09396 -0.14915 -0.98434
vn -0.09396 0.14915 0.98434
vn 0.12165 -0.16517 -0.97874
vn -0.12165 0.16517 0.97874
vn 0.14634 -0.18507 -0.97177
vn -0.14634 0.18507 0.97177
vn 0.16743 -0.20838 -0.96361
vn -0.16743 0.20838 0.96361
vn 0.18440 -0.23452 -0.95446
vn -0.18440 0.23452 0.95446
vn 0.19683 -0.26283 -0.94455
vn -0.19683 0.26283 0.94455
vn 0.20441 -0.29264 -0.93412
vn -0.20441 0.29264 0.93412
vn 0.20696 -0.32320 -0.92342
vn -0.20696 0.32320 0.92342
vn 0.20441 -0.35376 -0.91273
vn -0.20441 0.35376 0.91273
vn 0.19683 -0.38356 -0.90230
vn -0.19683 0.38356 0.90230
vn 0.18440 -0.41188 -0.89238
vn -0.18440 0.41188 0.89238
vn 0.16743 -0.43802 -0.88324
vn -0.16743 0.43802 0.88324
vn 0.14634 -0.46132 -0.87508
vn -0.14634 0.46132 0.87508
vn 0.12165 -0.48123 -0.86811
vn -0.12165 0.48123 0.86811
vn 0.09396 -0.49725 -0.86251
vn -0.09396 0.49725 0.86251
vn 0.06395 -0.50898 -0.85840
vn -0.06395 0.50898 0.85840
vn 0.03238 -0.51613 -0.85590
vn -0.03238 0.51613 0.85590
vn 0.00000 -0.60035 -0.79974
vn -0.04731 -0.59683 -0.80097
vn -0.00000 0.60035 0.79974
vn 0.04731 0.59683 0.80097
vn -0.09346 -0.58637 -0.80463
vn 0.09346 0.58637 0.80463
vn -0.13731 -0.56923 -0.81063
vn 0.13731 0.56923 0.81063
vn -0.17777 -0.54583 -0.81882
vn 0.17777 0.54583 0.81882
vn -0.21386 -0.51673 -0.82900
vn 0.21386 0.51673 0.82900
vn -0.24468 -0.48267 -0.84093
vn 0.24468 0.48267 0.84093
vn -0.26948 -0.44448 -0.85429
vn 0.26948 0.44448 0.85429
vn -0.28764 -0.40309 -0.86878
vn 0.28764 0.40309 0.86878
vn -0.29872 -0.35954 -0.88402
vn 0.29872 0.35954 0.88402
vn -0.30245 -0.31488 -0.89965
vn 0.30245 0.31488 0.89965
vn -0.29872 -0.27022 -0.91528
vn 0.29872 0.27022 0.91528
vn -0.28764 -0.22666 -0.93053
vn 0.28764 0.22666 0.93053
vn -0.26948 -0.18528 -0.94501
vn 0.26948 0.18528 0.94501
vn -0.24468 -0.14709 -0.95838
vn 0.24468 0.14709 0.95838
vn -0.21386 -0.11302 -0.97030
vn 0.21386 0.11302 0.97030
vn -0.17777 -0.08393 -0.98049
vn 0.17777 0.08393 0.98049
vn -0.13731 -0.06053 -0.98868
vn 0.13731 0.06053 0.98868
vn -0.09346 -0.04338 -0.99468
vn 0.09346 0.04338 0.99468
vn -0.04731 -0.03293 -0.99834
vn 0.04731 0.03293 0.99834
vn -0.00000 -0.02941 -0.99957
vn 0.00000 0.02941 0.99957
vn 0.04731 -0.03293 -0.99834
vn -0.04731 0.03293 0.99834
vn 0.09346 -0.04338 -0.99468
vn -0.09346 0.04338 0.99468
vn 0.13731 -0.06053 -0.98868
vn -0.13731 0.06053 0.98868
vn 0.17777 -0.08393 -0.98049
vn -0.17777 0.08393 0.98049
vn 0.21386 -0.11302 -0.97030
vn -0.21386 0.11302 0.97030
vn 0.24468 -0.14709 -0.95838
vn -0.24468 0.14709 0.95838
vn 0.26948 -0.18528 -0.94501
vn -0.26948 0.18528 0.94501
vn 0.28764 -0.22666 -0.93053
vn -0.28764 0.22666 0.93053
vn 0.29872 -0.27022 -0.91528
vn -0.29872 0.27022 0.91528
vn 0.30245 -0.31488 -0.89965
vn -0.30245 0.31488 0.89965
vn 0.29872 -0.35954 -0.88402
vn -0.29872 0.35954 0.88402
vn 0.28764 -0.40309 -0.86878
vn -0.28764 0.40309 0.86878
vn 0.26948 -0.44448 -0.85429
vn -0.26948 0.44448 0.85429
vn 0.24468 -0.48267 -0.84093
vn -0.24468 0.48267 0.84093
vn 0.21386 -0.51673 -0.82900
vn -0.21386 0.51673 0.82900
vn 0.17777 -0.54583 -0.81882
vn -0.17777 0.54583 0.81882
vn 0.13731 -0.56923 -0.81063
vn -0.13731 0.56923 0.81063
vn 0.09346 -0.58637 -0.80463
vn -0.09346 0.58637 0.80463
vn 0.04731 -0.59683 -0.80097
vn -0.04731 0.59683 0.80097
vn 0.00000 -0.67201 -0.74054
vn -0.06095 -0.66748 -0.74213
vn -0.00000 0.67201 0.74054
vn 0.06095 0.66748 0.74213
vn -0.12041 -0.65401 -0.74684
vn 0.12041 0.65401 0.74684
vn -0.17689 -0.63192 -0.75457
vn 0.17689 0.63192 0.75457
vn -0.22902 -0.60177 -0.76513
vn 0.22902 0.60177 0.76513
vn -0.27552 -0.56429 -0.77825
vn 0.27552 0.56429 0.77825
vn -0.31523 -0.52041 -0.79360
vn 0.31523 0.52041 0.79360
vn -0.34717 -0.47120 -0.81083
vn 0.34717 0.47120 0.81083
vn -0.37057 -0.41789 -0.82949
vn 0.37057 0.41789 0.82949
vn -0.38484 -0.36177 -0.84913
vn 0.38484 0.36177 0.84913
vn -0.38964 -0.30424 -0.86926
vn 0.38964 0.30424 0.86926
vn -0.38484 -0.24671 -0.88940
vn 0.38484 0.24671 0.88940
vn -0.37057 -0.19060 -0.90904
vn 0.37057 0.19060 0.90904
vn -0.34717 -0.13728 -0.92770
vn 0.34717 0.13728 0.92770
vn -0.31523 -0.08808 -0.94492
vn 0.31523 0.08808 0.94492
vn -0.27552 -0.04419 -0.96028
vn 0.27552 0.04419 0.96028
vn -0.22902 -0.00671 -0.97340
vn 0.22902 0.00671 0.97340
vn -0.17689 0.02344 -0.98395
vn 0.17689 -0.02344 0.98395
vn -0.12041 0.04552 -0.99168
vn 0.12041 -0.04552 0.99168
vn -0.06095 0.05900 -0.99640
vn 0.06095 -0.05900 0.99640
vn -0.00000 0.06352 -0.99798
vn 0.00000 -0.06352 0.99798
vn 0.06095 0.05900 -0.99640
vn -0.06095 -0.05900 0.99640
vn 0.12041 0.04552 -0.99168
vn -0.12041 -0.04552 0.99168
vn 0.17689 0.02344 -0.98395
vn -0.17689 -0.02344 0.98395
vn 0.22902 -0.00671 -0.97340
vn -0.22902 0.00671 0.97340
vn 0.27552 -0.04419 -0.96028
vn -0.27552 0.04419 0.96028
vn 0.31523 -0.08808 -0.94492
vn -0.31523 0.08808 0.94492
vn 0.34717 -0.13728 -0.92770
vn -0.34717 0.13728 0.92770
vn 0.37057 -0.19060 -0.90904
vn -0.37057 0.19060 0.90904
vn 0.38484 -0.24671 -0.88940
vn -0.38484 0.24671 0.88940
vn 0.38964 -0.30424 -0.86926
vn -0.38964 0.30424 0.86926
vn 0.38484 -0.36177 -0.84913
vn -0.38484 0.36177 0.84913
vn 0.37057 -0.41789 -0.82949
vn -0.37057 0.41789 0.82949
vn 0.34717 -0.47120 -0.81083
vn -0.34717 0.47120 0.81083
vn 0.31523 -0.52041 -0.79360
vn -0.31523 0.52041 0.79360
vn 0.27552 -0.56429 -0.77825
vn -0.27552 0.56429 0.77825
vn 0.22902 -0.60177 -0.76513
vn -0.22902 0.60177 0.76513
vn 0.17689 -0.63192 -0.75457
vn -0.17689 0.63192 0.75457
vn 0.12041 -0.65401 -0.74684
vn -0.12041 0.65401 0.74684
vn 0.06095 -0.66748 -0.74213
vn -0.06095 0.66748 0.74213
vn 0.00000 -0.73328 -0.67993
vn -0.07313 -0.72785 -0.68183
vn -0.00000 0.73328 0.67993
vn 0.07313 0.72785 0.68183
vn -0.14446 -0.71168 -0.68749
vn 0.14446 0.71168 0.68749
vn -0.21224 -0.68519 -0.69676
vn 0.21224 0.68519 0.69676
vn -0.27479 -0.64901 -0.70942
vn 0.27479 0.64901 0.70942
vn -0.33057 -0.60404 -0.72516
vn 0.33057 0.60404 0.72516
vn -0.37821 -0.55139 -0.74359
vn 0.37821 0.55139 0.74359
vn -0.41654 -0.49235 -0.76425
vn 0.41654 0.49235 0.76425
vn -0.44462 -0.42838 -0.78664
vn 0.44462 0.42838 0.78664
vn -0.46174 -0.36105 -0.81021
vn 0.46174 0.36105 0.81021
vn -0.46750 -0.29203 -0.83437
vn 0.46750 0.29203 0.83437
vn -0.46174 -0.22300 -0.85853
vn 0.46174 0.22300 0.85853
vn -0.44462 -0.15567 -0.88209
vn 0.44462 0.15567 0.88209
vn -0.41654 -0.09170 -0.90448
vn 0.41654 0.09170 0.90448
vn -0.37821 -0.03267 -0.92514
vn 0.37821 0.03267 0.92514
vn -0.33057 0.01998 -0.94357
vn 0.33057 -0.01998 0.94357
vn -0.27479 0.06495 -0.95931
vn 0.27479 -0.06495 0.95931
vn -0.21224 0.10113 -0.97197
vn 0.21224 -0.10113 0.97197
vn -0.14446 0.12763 -0.98124
vn 0.14446 -0.12763 0.98124
vn -0.07313 0.14379 -0.98690
vn 0.07313 -0.14379 0.98690
vn -0.00000 0.14922 -0.98880
vn 0.00000 -0.14922 0.98880
vn 0.07313 0.14379 -0.98690
vn -0.07313 -0.14379 0.98690
vn 0.14446 0.12763 -0.98124
vn -0.14446 -0.12763 0.98124
vn 0.21224 0.10113 -0.97197
vn -0.21224 -0.10113 0.97197
vn 0.27479 0.06495 -0.95931
vn -0.27479 -0.06495 0.95931
vn 0.33057 0.01998 -0.94357
vn -0.33057 -0.01998 0.94357
vn 0.37821 -0.03267 -0.92514
vn -0.37821 0.03267 0.92514
vn 0.41654 -0.09170 -0.90448
vn -0.41654 0.09170 0.90448
vn 0.44462 -0.15567 -0.88209
vn -0.44462 0.15567 0.88209
vn 0.46174 -0.22300 -0.85853
vn -0.46174 0.22300 0.85853
vn 0.46750 -0.29203 -0.83437
vn -0.46750 0.29203 0.83437
vn 0.46174 -0.36105 -0.81021
vn -0.46174 0.36105 0.81021
vn 0.44462 -0.42838 -0.78664
vn -0.44462 0.42838 0.78664
vn 0.41654 -0.49235 -0.76425
vn -0.41654 0.49235 0.76425
vn 0.37821 -0.55139 -0.74359
vn -0.37821 0.55139 0.74359
vn 0.33057 -0.60404 -0.72516
vn -0.33057 0.60404 0.72516
vn 0.27479 -0.64901 -0.70942
vn -0.27479 0.64901 0.70942
vn 0.21224 -0.68519 -0.69676
vn -0.21224 0.68519 0.69676
vn 0.14446 -0.71168 -0.68749
vn -0.14446 0.71168 0.68749
vn 0.07313 -0.72785 -0.68183
vn -0.07313 0.72785 0.68183
vn 0.00000 -0.78467 -0.61992
vn -0.08382 -0.77844 -0.62210
vn -0.00000 0.78467 0.61992
vn 0.08382 0.77844 0.62210
vn -0.16558 -0.75991 -0.62858
vn 0.16558 0.75991 0.62858
vn -0.24326 -0.72954 -0.63921
vn 0.24326 0.72954 0.63921
vn -0.31495 -0.68808 -0.65372
vn 0.31495 0.68808 0.65372
vn -0.37889 -0.63654 -0.67176
vn 0.37889 0.63654 0.67176
vn -0.43349 -0.57619 -0.69288
vn 0.43349 0.57619 0.69288
vn -0.47742 -0.50853 -0.71657
vn 0.47742 0.50853 0.71657
vn -0.50960 -0.43521 -0.74223
vn 0.50960 0.43521 0.74223
vn -0.52923 -0.35804 -0.76924
vn 0.52923 0.35804 0.76924
vn -0.53582 -0.27892 -0.79693
vn 0.53582 0.27892 0.79693
vn -0.52923 -0.19981 -0.82462
vn 0.52923 0.19981 0.82462
vn -0.50960 -0.12264 -0.85163
vn 0.50960 0.12264 0.85163
vn -0.47742 -0.04932 -0.87729
vn 0.47742 0.04932 0.87729
vn -0.43349 0.01834 -0.90097
vn 0.43349 -0.01834 0.90097
vn -0.37889 0.07869 -0.92209
vn 0.37889 -0.07869 0.92209
vn -0.31495 0.13023 -0.94013
vn 0.31495 -0.13023 0.94013
vn -0.24326 0.17170 -0.95464
vn 0.24326 -0.17170 0.95464
vn -0.16558 0.20206 -0.96527
vn 0.16558 -0.20206 0.96527
vn -0.08382 0.22059 -0.97176
vn 0.08382 -0.22059 0.97176
vn -0.00000 0.22682 -0.97394
vn 0.00000 -0.22682 0.97394
vn 0.08382 0.22059 -0.97176
vn -0.08382 -0.22059 0.97176
vn 0.16558 0.20206 -0.96527
vn -0.16558 -0.20206 0.96527
vn 0.24326 0.17170 -0.95464
vn -0.24326 -0.17170 0.95464
vn 0.31495 0.13023 -0.94013
vn -0.31495 -0.13023 0.94013
vn 0.37889 0.07869 -0.92209
vn -0.37889 -0.07869 0.92209
vn 0.43349 0.01834 -0.90097
vn -0.43349 -0.01834 0.90097
vn 0.47742 -0.04932 -0.87729
vn -0.47742 0.04932 0.87729
vn 0.50960 -0.12264 -0.85163
vn -0.50960 0.12264 0.85163
vn 0.52923 -0.19981 -0.82462
vn -0.52923 0.19981 0.82462
vn 0.53582 -0.27892 -0.79693
vn -0.53582 0.27892 0.79693
vn 0.52923 -0.35804 -0.76924
vn -0.52923 0.35804 0.76924
vn 0.50960 -0.43521 -0.74223
vn -0.50960 0.43521 0.74223
vn 0.47742 -0.50853 -0.71657
vn -0.47742 0.50853 0.71657
vn 0.43349 -0.57619 -0.69288
vn -0.43349 0.57619 0.69288
vn 0.37889 -0.63654 -0.67176
vn -0.37889 0.63654 0.67176
vn 0.31495 -0.68808 -0.65372
vn -0.31495 0.68808 0.65372
vn 0.24326 -0.72954 -0.63921
vn -0.24326 0.72954 0.63921
vn 0.16558 -0.75991 -0.62858
vn -0.16558 0.75991 0.62858
vn 0.08382 -0.77844 -0.62210
vn -0.08382 0.77844 0.62210
vn 0.00000 -0.82714 -0.56200
vn -0.09309 -0.82022 -0.56442
vn -0.00000 0.82714 0.56200
vn 0.09309 0.82022 0.56442
vn -0.18388 -0.79965 -0.57162
vn 0.18388 0.79965 0.57162
vn -0.27014 -0.76592 -0.58343
vn 0.27014 0.76592 0.58343
vn -0.34976 -0.71987 -0.59954
vn 0.34976 0.71987 0.59954
vn -0.42076 -0.66264 -0.61958
vn 0.42076 0.66264 0.61958
vn -0.48140 -0.59562 -0.64303
vn 0.48140 0.59562 0.64303
vn -0.53019 -0.52048 -0.66933
vn 0.53019 0.52048 0.66933
vn -0.56592 -0.43906 -0.69783
vn 0.56592 0.43906 0.69783
vn -0.58772 -0.35336 -0.72782
vn 0.58772 0.35336 0.72782
vn -0.59504 -0.26550 -0.75857
vn 0.59504 0.26550 0.75857
vn -0.58772 -0.17764 -0.78932
vn 0.58772 0.17764 0.78932
vn -0.56592 -0.09195 -0.81932
vn 0.56592 0.09195 0.81932
vn -0.53019 -0.01052 -0.84782
vn 0.53019 0.01052 0.84782
vn -0.48140 0.06462 -0.87412
vn 0.48140 -0.06462 0.87412
vn -0.42076 0.13164 -0.89757
vn 0.42076 -0.13164 0.89757
vn -0.34976 0.18887 -0.91760
vn 0.34976 -0.18887 0.91760
vn -0.27014 0.23492 -0.93372
vn 0.27014 -0.23492 0.93372
vn -0.18388 0.26865 -0.94553
vn 0.18388 -0.26865 0.94553
vn -0.09309 0.28922 -0.95273
vn 0.09309 -0.28922 0.95273
vn -0.00000 0.29614 -0.95515
vn 0.00000 -0.29614 0.95515
vn 0.09309 0.28922 -0.95273
vn -0.09309 -0.28922 0.95273
vn 0.18388 0.26865 -0.94553
vn -0.18388 -0.26865 0.94553
vn 0.27014 0.23492 -0.93372
vn -0.27014 -0.23492 0.93372
vn 0.34976 0.18887 -0.91760
vn -0.34976 -0.18887 0.91760
vn 0.42076 0.13164 -0.89757
vn -0.42076 -0.13164 0.89757
vn 0.48140 0.06462 -0.87412
vn -0.48140 -0.06462 0.87412
vn 0.53019 -0.01052 -0.84782
vn -0.53019 0.01052 0.84782
vn 0.56592 -0.09195 -0.81932
vn -0.56592 0.09195 0.81932
vn 0.58772 -0.17764 -0.78932
vn -0.58772 0.17764 0.78932
vn 0.59504 -0.26550 -0.75857
vn -0.59504 0.26550 0.75857
vn 0.58772 -0.35336 -0.72782
vn -0.58772 0.35336 0.72782
vn 0.56592 -0.43906 -0.69783
vn -0.56592 0.43906 0.69783
vn 0.53019 -0.52048 -0.66933
vn -0.53019 0.52048 0.66933
vn 0.48140 -0.59562 -0.64303
vn -0.48140 0.59562 0.64303
vn 0.42076 -0.66264 -0.61958
vn -0.42076 0.66264 0.61958
vn 0.34976 -0.71987 -0.59954
vn -0.34976 0.71987 0.59954
vn 0.27014 -0.76592 -0.58343
vn -0.27014 0.76592 0.58343
vn 0.18388 -0.79965 -0.57162
vn -0.18388 0.79965 0.57162
vn 0.09309 -0.82022 -0.56442
vn -0.09309 0.82022 0.56442
vn 0.00000 -0.86186 -0.50714
vn -0.10105 -0.85436 -0.50977
vn -0.00000 0.86186 0.50714
vn 0.10105 0.85436 0.50977
vn -0.19961 -0.83202 -0.51759
vn 0.19961 0.83202 0.51759
vn -0.29325 -0.79541 -0.53040
vn 0.29325 0.79541 0.53040
vn -0.37968 -0.74542 -0.54789
vn 0.37968 0.74542 0.54789
vn -0.45675 -0.68329 -0.56964
vn 0.45675 0.68329 0.56964
vn -0.52258 -0.61054 -0.59510
vn 0.52258 0.61054 0.59510
vn -0.57554 -0.52897 -0.62365
vn 0.57554 0.52897 0.62365
vn -0.61433 -0.44059 -0.65459
vn 0.61433 0.44059 0.65459
vn -0.63799 -0.34756 -0.68715
vn 0.63799 0.34756 0.68715
vn -0.64594 -0.25218 -0.72053
vn 0.64594 0.25218 0.72053
vn -0.63799 -0.15681 -0.75391
vn 0.63799 0.15681 0.75391
vn -0.61433 -0.06378 -0.78647
vn 0.61433 0.06378 0.78647
vn -0.57554 0.02460 -0.81740
vn 0.57554 -0.02460 0.81740
vn -0.52258 0.10617 -0.84595
vn 0.52258 -0.10617 0.84595
vn -0.45675 0.17892 -0.87142
vn 0.45675 -0.17892 0.87142
vn -0.37968 0.24105 -0.89316
vn 0.37968 -0.24105 0.89316
vn -0.29325 0.29104 -0.91066
vn 0.29325 -0.29104 0.91066
vn -0.19961 0.32765 -0.92347
vn 0.19961 -0.32765 0.92347
vn -0.10105 0.34999 -0.93129
vn 0.10105 -0.34999 0.93129
vn -0.00000 0.35749 -0.93392
vn 0.00000 -0.35749 0.93392
vn 0.10105 0.34999 -0.93129
vn -0.10105 -0.34999 0.93129
vn 0.19961 0.32765 -0.92347
vn -0.19961 -0.32765 0.92347
vn 0.29325 0.29104 -0.91066
vn -0.29325 -0.29104 0.91066
vn 0.37968 0.24105 -0.89316
vn -0.37968 -0.24105 0.89316
vn 0.45675 0.17892 -0.87142
vn -0.45675 -0.17892 0.87142
vn 0.52258 0.10617 -0.84595
vn -0.52258 -0.10617 0.84595
vn 0.57554 0.02460 -0.81740
vn -0.57554 -0.02460 0.81740
vn 0.61433 -0.06378 -0.78647
vn -0.61433 0.06378 0.78647
vn 0.63799 -0.15681 -0.75391
vn -0.63799 0.15681 0.75391
vn 0.64594 -0.25218 -0.72053
vn -0.64594 0.25218 0.72053
vn 0.63799 -0.34756 -0.68715
vn -0.63799 0.34756 0.68715
vn 0.61433 -0.44059 -0.65459
vn -0.61433 0.44059 0.65459
vn 0.57554 -0.52897 -0.62365
vn -0.57554 0.52897 0.62365
vn 0.52258 -0.61054 -0.59510
vn -0.52258 0.61054 0.59510
vn 0.45675 -0.68329 -0.56964
vn -0.45675 0.68329 0.56964
vn 0.37968 -0.74542 -0.54789
vn -0.37968 0.74542 0.54789
vn 0.29325 -0.79541 -0.53040
vn -0.29325 0.79541 0.53040
vn 0.19961 -0.83202 -0.51759
vn -0.19961 0.83202 0.51759
vn 0.10105 -0.85436 -0.50977
vn -0.10105 0.85436 0.50977
usemtl BusFoil
f 1//1 2//1 3//1 4//1
f 5//2 6//2 7//2 8//2
f 2//3 5//3 8//3 3//3
f 6//4 1//4 4//4 7//4
f 4//5 3//5 8//5 7//5
f 6//6 5//6 2//6 1//6
usemtl Metal
f 9//1 10//1 11//1 12//1
f 13//2 14//2 15//2 16//2
f 10//3 13//3 16//3 11//3
f 14//4 9//4 12//4 15//4
f 12//5 11//5 16//5 15//5
f 14//6 13//6 10//6 9//6
f 17//1 18//1 19//1 20//1
f 21//2 22//2 23//2 24//2
f 18//3 21//3 24//3 19//3
f 22//4 17//4 20//4 23//4
f 20//5 19//5 24//5 23//5
f 22//6 21//6 18//6 17//6
usemtl Radiator
f 25//1 26//1 27//1 28//1
f 29//2 30//2 31//2 32//2
f 26//3 29//3 32//3 27//3
f 30//4 25//4 28//4 31//4
f 28//5 27//5 32//5 31//5
f 30//6 29//6 26//6 25//6
usemtl Metal
f 33//7 34//8 35//8 36//7
f 34//8 37//9 38//9 35//8
f 37//9 39//10 40//10 38//9
f 39//10 41//11 42//11 40//10
f 41//11 43//12 44//12 42//11
f 43//12 45//13 46//13 44//12
f 45//13 47//14 48//14 46//13
f 47//14 49//15 50//15 48//14
f 49//15 51//16 52//16 50//15
f 51//16 53//17 54//17 52//16
f 53//17 55//18 56//18 54//17
f 55//18 57//19 58//19 56//18
f 57//19 59//20 60//20 58//19
f 59//20 61//21 62//21 60//20
f 61//21 63//22 64//22 62//21
f 63//22 65//23 66//23 64//22
f 65//23 67//24 68//24 66//23
f 67//24 69//25 70//25 68//24
f 69//25 71//26 72//26 70//25
f 71//26 73//27 74//27 72//26
f 73//27 75//28 76//28 74//27
f 75//28 77//29 78//29 76//28
f 77//29 79//30 80//30 78//29
f 79//30 81//31 82//31 80//30
f 81//31 83//32 84//32 82//31
f 83//32 85//33 86//33 84//32
f 85//33 87//34 88//34 86//33
f 87//34 89//35 90//35 88//34
f 89//35 91//36 92//36 90//35
f 91//36 93//37 94//37 92//36
f 93//37 95//38 96//38 94//37
f 95//38 97//39 98//39 96//38
f 97//39 99//40 100//40 98//39
f 99//40 101//41 102//41 100//40
f 101//41 103//42 104//42 102//41
f 103//42 105//43 106//43 104//42
f 105//43 107//44 108//44 106//43
f 107//44 109//45 110//45 108//44
f 109//45 111//46 112//46 110//45
f 111//46 113//47 114//47 112//46
f 113//47 115//48 116//48 114//47
f 115//48 117//49 118//49 116//48
f 117//49 119//50 120//50 118//49
f 119//50 121//51 122//51 120//50
f 121//51 123//52 124//52 122//51
f 123//52 125//53 126//53 124//52
f 125//53 127//54 128//54 126//53
f 127//54 33//7 36//7 128//54
usemtl Telescope
f 36//3 35//55 129//55 130//3
f 35//55 38//56 131//56 129//55
f 38//56 40//57 132//57 131//56
f 40//57 42//58 133//58 132//57
f 42//58 44//59 134//59 133//58
f 44//59 46//60 135//60 134//59
f 46//60 48//61 136//61 135//60
f 48//61 50//62 137//62 136//61
f 50//62 52//63 138//63 137//62
f 52//63 54//64 139//64 138//63
f 54//64 56//65 140//65 139//64
f 56//65 58//5 141//5 140//65
f 58//5 60//66 142//66 141//5
f 60//66 62//67 143//67 142//66
f 62//67 64//68 144//68 143//67
f 64//68 66//69 145//69 144//68
f 66//69 68//70 146//70 145//69
f 68//70 70//71 147//71 146//70
f 70//71 72//72 148//72 147//71
f 72//72 74//73 149//73 148//72
f 74//73 76//74 150//74 149//73
f 76//74 78//75 151//75 150//74
f 78//75 80//76 152//76 151//75
f 80//76 82//4 153//4 152//76
f 82//4 84//77 154//77 153//4
f 84//77 86//78 155//78 154//77
f 86//78 88//79 156//79 155//78
f 88//79 90//80 157//80 156//79
f 90//80 92//81 158//81 157//80
f 92//81 94//82 159//82 158//81
f 94//82 96//83 160//83 159//82
f 96//83 98//84 161//84 160//83
f 98//84 100//85 162//85 161//84
f 100//85 102//86 163//86 162//85
f 102//86 104//87 164//87 163//86
f 104//87 106//6 165//6 164//87
f 106//6 108//88 166//88 165//6
f 108//88 110//89 167//89 166//88
f 110//89 112//90 168//90 167//89
f 112//90 114//91 169//91 168//90
f 114//91 116//92 170//92 169//91
f 116//92 118//93 171//93 170//92
f 118//93 120//94 172//94 171//93
f 120//94 122//95 173//95 172//94
f 122//95 124//96 174//96 173//95
f 124//96 126//97 175//97 174//96
f 126//97 128//98 176//98 175//97
f 128//98 36//3 130//3 176//98
usemtl Baffle
f 130//99 129//100 177//100 178//99
f 129//100 131//101 179//101 177//100
f 131//101 132//102 180//102 179//101
f 132//102 133//103 181//103 180//102
f 133//103 134//104 182//104 181//103
f 134//104 135//105 183//105 182//104
f 135//105 136//106 184//106 183//105
f 136//106 137//107 185//107 184//106
f 137//107 138//108 186//108 185//107
f 138//108 139//109 187//109 186//108
f 139//109 140//110 188//110 187//109
f 140//110 141//111 189//111 188//110
f 141//111 142//112 190//112 189//111
f 142//112 143//113 191//113 190//112
f 143//113 144//114 192//114 191//113
f 144//114 145//115 193//115 192//114
f 145//115 146//116 194//116 193//115
f 146//116 147//117 195//117 194//116
f 147//117 148//118 196//118 195//117
f 148//118 149//119 197//119 196//118
f 149//119 150//120 198//120 197//119
f 150//120 151//121 199//121 198//120
f 151//121 152//122 200//122 199//121
f 152//122 153//123 201//123 200//122
f 153//123 154//124 202//124 201//123
f 154//124 155//125 203//125 202//124
f 155//125 156//126 204//126 203//125
f 156//126 157//127 205//127 204//126
f 157//127 158//128 206//128 205//127
f 158//128 159//129 207//129 206//128
f 159//129 160//130 208//130 207//129
f 160//130 161//131 209//131 208//130
f 161//131 162//132 210//132 209//131
f 162//132 163//133 211//133 210//132
f 163//133 164//134 212//134 211//133
f 164//134 165//135 213//135 212//134
f 165//135 166//136 214//136 213//135
f 166//136 167//137 215//137 214//136
f 167//137 168//138 216//138 215//137
f 168//138 169//139 217//139 216//138
f 169//139 170//140 218//140 217//139
f 170//140 171//141 219//141 218//140
f 171//141 172//142 220//142 219//141
f 172//142 173//143 221//143 220//142
f 173//143 174//144 222//144 221//143
f 174//144 175//145 223//145 222//144
f 175//145 176//146 224//146 223//145
f 176//146 130//99 178//99 224//146
usemtl Aperture
f 225//147 225//148 226//148 227//147
f 225//148 225//149 228//149 226//148
f 225//149 225//150 229//150 228//149
f 225//150 225//151 230//151 229//150
f 225//151 225//152 231//152 230//151
f 225//152 225//153 232//153 231//152
f 225//153 225//154 233//154 232//153
f 225//154 225//155 234//155 233//154
f 225//155 225//156 235//156 234//155
f 225//156 225//157 236//157 235//156
f 225//157 225//158 237//158 236//157
f 225//158 225//159 238//159 237//158
f 225//159 225//160 239//160 238//159
f 225//160 225//161 240//161 239//160
f 225//161 225//162 241//162 240//161
f 225//162 225//163 242//163 241//162
f 225//163 225//164 243//164 242//163
f 225//164 225//165 244//165 243//164
f 225//165 225//166 245//166 244//165
f 225//166 225//167 246//167 245//166
f 225//167 225//168 247//168 246//167
f 225//168 225//169 248//169 247//168
f 225//169 225//170 249//170 248//169
f 225//170 225//171 250//171 249//170
f 225//171 225//172 251//172 250//171
f 225//172 225//173 252//173 251//172
f 225//173 225//174 253//174 252//173
f 225//174 225//175 254//175 253//174
f 225//175 225//176 255//176 254//175
f 225//176 225//177 256//177 255//176
f 225//177 225//178 257//178 256//177
f 225//178 225//179 258//179 257//178
f 225//179 225//180 259//180 258//179
f 225//180 225//181 260//181 259//180
f 225//181 225//182 261//182 260//181
f 225//182 225//183 262//183 261//182
f 225//183 225//184 263//184 262//183
f 225//184 225//185 264//185 263//184
f 225//185 225//186 265//186 264//185
f 225//186 225//187 266//187 265//186
f 225//187 225//188 267//188 266//187
f 225//188 225//189 268//189 267//188
f 225//189 225//190 269//190 268//189
f 225//190 225//191 270//191 269//190
f 225//191 225//192 271//192 270//191
f 225//192 225//193 272//193 271//192
f 225//193 225//194 273//194 272//193
f 225//194 225//147 227//147 273//194
f 274//1 227//1 226//1
f 274//1 226//1 228//1
f 274//1 228//1 229//1
f 274//1 229//1 230//1
f 274//1 230//1 231//1
f 274//1 231//1 232//1
f 274//1 232//1 233//1
f 274//1 233//1 234//1
f 274//1 234//1 235//1
f 274//1 235//1 236//1
f 274//1 236//1 237//1
f 274//1 237//1 238//1
f 274//1 238//1 239//1
f 274//1 239//1 240//1
f 274//1 240//1 241//1
f 274//1 241//1 242//1
f 274//1 242//1 243//1
f 274//1 243//1 244//1
f 274//1 244//1 245//1
f 274//1 245//1 246//1
f 274//1 246//1 247//1
f 274//1 247//1 248//1
f 274//1 248//1 249//1
f 274//1 249//1 250//1
f 274//1 250//1 251//1
f 274//1 251//1 252//1
f 274//1 252//1 253//1
f 274//1 253//1 254//1
f 274//1 254//1 255//1
f 274//1 255//1 256//1
f 274//1 256//1 257//1
f 274//1 257//1 258//1
f 274//1 258//1 259//1
f 274//1 259//1 260//1
f 274//1 260//1 261//1
f 274//1 261//1 262//1
f 274//1 262//1 263//1
f 274//1 263//1 264//1
f 274//1 264//1 265//1
f 274//1 265//1 266//1
f 274//1 266//1 267//1
f 274//1 267//1 268//1
f 274//1 268//1 269//1
f 274//1 269//1 270//1
f 274//1 270//1 271//1
f 274//1 271//1 272//1
f 274//1 272//1 273//1
f 274//1 273//1 227//1
usemtl Metal
f 275//3 276//55 277//55 278//3
f 276//55 279//56 280//56 277//55
f 279//56 281//57 282//57 280//56
f 281//57 283//58 284//58 282//57
f 283//58 285//59 286//59 284//58
f 285//59 287//60 288//60 286//59
f 287//60 289//61 290//61 288//60
f 289//61 291//62 292//62 290//61
f 291//62 293//63 294//63 292//62
f 293//63 295//64 296//64 294//63
f 295//64 297//65 298//65 296//64
f 297//65 299//5 300//5 298//65
f 299//5 301//66 302//66 300//5
f 301//66 303//67 304//67 302//66
f 303//67 305//68 306//68 304//67
f 305//68 307//69 308//69 306//68
f 307//69 309//70 310//70 308//69
f 309//70 311//71 312//71 310//70
f 311//71 313//72 314//72 312//71
f 313//72 315//73 316//73 314//72
f 315//73 317//74 318//74 316//73
f 317//74 319//75 320//75 318//74
f 319//75 321//76 322//76 320//75
f 321//76 323//4 324//4 322//76
f 323//4 325//77 326//77 324//4
f 325//77 327//78 328//78 326//77
f 327//78 329//79 330//79 328//78
f 329//79 331//80 332//80 330//79
f 331//80 333//81 334//81 332//80
f 333//81 335//82 336//82 334//81
f 335//82 337//83 338//83 336//82
f 337//83 339//84 340//84 338//83
f 339//84 341//85 342//85 340//84
f 341//85 343//86 344//86 342//85
f 343//86 345//87 346//87 344//86
f 345//87 347//6 348//6 346//87
f 347//6 349//88 350//88 348//6
f 349//88 351//89 352//89 350//88
f 351//89 353//90 354//90 352//89
f 353//90 355//91 356//91 354//90
f 355//91 357//92 358//92 356//91
f 357//92 359//93 360//93 358//92
f 359//93 361//94 362//94 360//93
f 361//94 363//95 364//95 362//94
f 363//95 365//96 366//96 364//95
f 365//96 367//97 368//97 366//96
f 367//97 369//98 370//98 368//97
f 369//98 275//3 278//3 370//98
f 371//3 372//55 373//55 374//3
f 372//55 375//56 376//56 373//55
f 375//56 377//57 378//57 376//56
f 377//57 379//58 380//58 378//57
f 379//58 381//59 382//59 380//58
f 381//59 383//60 384//60 382//59
f 383//60 385//61 386//61 384//60
f 385//61 387//62 388//62 386//61
f 387//62 389//63 390//63 388//62
f 389//63 391//64 392//64 390//63
f 391//64 393//65 394//65 392//64
f 393//65 395//5 396//5 394//65
f 395//5 397//66 398//66 396//5
f 397//66 399//67 400//67 398//66
f 399//67 401//68 402//68 400//67
f 401//68 403//69 404//69 402//68
f 403//69 405//70 406//70 404//69
f 405//70 407//71 408//71 406//70
f 407//71 409//72 410//72 408//71
f 409//72 411//73 412//73 410//72
f 411//73 413//74 414//74 412//73
f 413//74 415//75 416//75 414//74
f 415//75 417//76 418//76 416//75
f 417//76 419//4 420//4 418//76
f 419//4 421//77 422//77 420//4
f 421//77 423//78 424//78 422//77
f 423//78 425//79 426//79 424//78
f 425//79 427//80 428//80 426//79
f 427//80 429//81 430//81 428//80
f 429//81 431//82 432//82 430//81
f 431//82 433//83 434//83 432//82
f 433//83 435//84 436//84 434//83
f 435//84 437//85 438//85 436//84
f 437//85 439//86 440//86 438//85
f 439//86 441//87 442//87 440//86
f 441//87 443//6 444//6 442//87
f 443//6 445//88 446//88 444//6
f 445//88 447//89 448//89 446//88
f 447//89 449//90 450//90 448//89
f 449//90 451//91 452//91 450//90
f 451//91 453//92 454//92 452//91
f 453//92 455//93 456//93 454//92
f 455//93 457//94 458//94 456//93
f 457//94 459//95 460//95 458//94
f 459//95 461//96 462//96 460//95
f 461//96 463//97 464//97 462//96
f 463//97 465//98 466//98 464//97
f 465//98 371//3 374//3 466//98
f 467//3 468//55 469//55 470//3
f 468//55 471//56 472//56 469//55
f 471//56 473//57 474//57 472//56
f 473//57 475//58 476//58 474//57
f 475//58 477//59 478//59 476//58
f 477//59 479//60 480//60 478//59
f 479//60 481//61 482//61 480//60
f 481//61 483//62 484//62 482//61
f 483//62 485//63 486//63 484//62
f 485//63 487//64 488//64 486//63
f 487//64 489//65 490//65 488//64
f 489//65 491//5 492//5 490//65
f 491//5 493//66 494//66 492//5
f 493//66 495//67 496//67 494//66
f 495//67 497//68 498//68 496//67
f 497//68 499//69 500//69 498//68
f 499//69 501//70 502//70 500//69
f 501//70 503//71 504//71 502//70
f 503//71 505//72 506//72 504//71
f 505//72 507//73 508//73 506//72
f 507//73 509//74 510//74 508//73
f 509//74 511//75 512//75 510//74
f 511//75 513//76 514//76 512//75
f 513//76 515//4 516//4 514//76
f 515//4 517//77 518//77 516//4
f 517//77 519//78 520//78 518//77
f 519//78 521//79 522//79 520//78
f 521//79 523//80 524//80 522//79
f 523//80 525//81 526//81 524//80
f 525//81 527//82 528//82 526//81
f 527//82 529//83 530//83 528//82
f 529//83 531//84 532//84 530//83
f 531//84 533//85 534//85 532//84
f 533//85 535//86 536//86 534//85
f 535//86 537//87 538//87 536//86
f 537//87 539//6 540//6 538//87
f 539//6 541//88 542//88 540//6
f 541//88 543//89 544//89 542//88
f 543//89 545//90 546//90 544//89
f 545//90 547//91 548//91 546//90
f 547//91 549//92 550//92 548//91
f 549//92 551//93 552//93 550//92
f 551//93 553//94 554//94 552//93
f 553//94 555//95 556//95 554//94
f 555//95 557//96 558//96 556//95
f 557//96 559//97 560//97 558//96
f 559//97 561//98 562//98 560//97
f 561//98 467//3 470//3 562//98
f 563//1 564//1 565//1 566//1
f 567//2 568//2 569//2 570//2
f 564//3 567//3 570//3 565//3
f 568//4 563//4 566//4 569//4
f 566//5 565//5 570//5 569//5
f 568//6 567//6 564//6 563//6
usemtl Baffle
f 571//195 572//196 573//196 574//195
f 572//196 575//197 576//197 573//196
f 575//197 577//198 578//198 576//197
f 577//198 579//199 580//199 578//198
f 579//199 581//200 582//200 580//199
f 581//200 583//201 584//201 582//200
f 583//201 585//202 586//202 584//201
f 585//202 587//203 588//203 586//202
f 587//203 589//204 590//204 588//203
f 589//204 591//205 592//205 590//204
f 591//205 593//206 594//206 592//205
f 593//206 595//207 596//207 594//206
f 595//207 597//208 598//208 596//207
f 597//208 599//209 600//209 598//208
f 599//209 601//210 602//210 600//209
f 601//210 603//211 604//211 602//210
f 603//211 605//212 606//212 604//211
f 605//212 607//213 608//213 606//212
f 607//213 609//214 610//214 608//213
f 609//214 611//215 612//215 610//214
f 611//215 613//216 614//216 612//215
f 613//216 615//217 616//217 614//216
f 615//217 617//218 618//218 616//217
f 617//218 571//195 574//195 618//218
f 619//1 574//1 573//1
f 619//1 573//1 576//1
f 619//1 576//1 578//1
f 619//1 578//1 580//1
f 619//1 580//1 582//1
f 619//1 582//1 584//1
f 619//1 584//1 586//1
f 619//1 586//1 588//1
f 619//1 588//1 590//1
f 619//1 590//1 592//1
f 619//1 592//1 594//1
f 619//1 594//1 596//1
f 619//1 596//1 598//1
f 619//1 598//1 600//1
f 619//1 600//1 602//1
f 619//1 602//1 604//1
f 619//1 604//1 606//1
f 619//1 606//1 608//1
f 619//1 608//1 610//1
f 619//1 610//1 612//1
f 619//1 612//1 614//1
f 619//1 614//1 616//1
f 619//1 616//1 618//1
f 619//1 618//1 574//1
usemtl Wheel
f 620//3 621//56 622//56 623//3
f 621//56 624//58 625//58 622//56
f 624//58 626//60 627//60 625//58
f 626//60 628//62 629//62 627//60
f 628//62 630//64 631//64 629//62
f 630//64 632//5 633//5 631//64
f 632//5 634//67 635//67 633//5
f 634//67 636//69 637//69 635//67
f 636//69 638//71 639//71 637//69
f 638//71 640//73 641//73 639//71
f 640//73 642//75 643//75 641//73
f 642//75 644//4 645//4 643//75
f 644//4 646//78 647//78 645//4
f 646//78 648//80 649//80 647//78
f 648//80 650//82 651//82 649//80
f 650//82 652//84 653//84 651//82
f 652//84 654//86 655//86 653//84
f 654//86 656//6 657//6 655//86
f 656//6 658//89 659//89 657//6
f 658//89 660//91 661//91 659//89
f 660//91 662//93 663//93 661//91
f 662//93 664//95 665//95 663//93
f 664//95 666//97 667//97 665//95
f 666//97 620//3 623//3 667//97
f 668//2 621//2 620//2
f 668//2 624//2 621//2
f 668//2 626//2 624//2
f 668//2 628//2 626//2
f 668//2 630//2 628//2
f 668//2 632//2 630//2
f 668//2 634//2 632//2
f 668//2 636//2 634//2
f 668//2 638//2 636//2
f 668//2 640//2 638//2
f 668//2 642//2 640//2
f 668//2 644//2 642//2
f 668//2 646//2 644//2
f 668//2 648//2 646//2
f 668//2 650//2 648//2
f 668//2 652//2 650//2
f 668//2 654//2 652//2
f 668//2 656//2 654//2
f 668//2 658//2 656//2
f 668//2 660//2 658//2
f 668//2 662//2 660//2
f 668//2 664//2 662//2
f 668//2 666//2 664//2
f 668//2 620//2 666//2
f 669//1 623//1 622//1
f 669//1 622//1 625//1
f 669//1 625//1 627//1
f 669//1 627//1 629//1
f 669//1 629//1 631//1
f 669//1 631//1 633//1
f 669//1 633//1 635//1
f 669//1 635//1 637//1
f 669//1 637//1 639//1
f 669//1 639//1 641//1
f 669//1 641//1 643//1
f 669//1 643//1 645//1
f 669//1 645//1 647//1
f 669//1 647//1 649//1
f 669//1 649//1 651//1
f 669//1 651//1 653//1
f 669//1 653//1 655//1
f 669//1 655//1 657//1
f 669//1 657//1 659//1
f 669//1 659//1 661//1
f 669//1 661//1 663//1
f 669//1 663//1 665//1
f 669//1 665//1 667//1
f 669//1 667//1 623//1
f 670//3 671//56 672//56 673//3
f 671//56 674//58 675//58 672//56
f 674//58 676//60 677//60 675//58
f 676//60 678//62 679//62 677//60
f 678//62 680//64 681//64 679//62
f 680//64 682//5 683//5 681//64
f 682//5 684//67 685//67 683//5
f 684//67 686//69 687//69 685//67
f 686//69 688//71 689//71 687//69
f 688//71 690//73 691//73 689//71
f 690//73 692//75 693//75 691//73
f 692//75 694//4 695//4 693//75
f 694//4 696//78 697//78 695//4
f 696//78 698//80 699//80 697//78
f 698//80 700//82 701//82 699//80
f 700//82 702//84 703//84 701//82
f 702//84 704//86 705//86 703//84
f 704//86 706//6 707//6 705//86
f 706//6 708//89 709//89 707//6
f 708//89 710//91 711//91 709//89
f 710//91 712//93 713//93 711//91
f 712//93 714//95 715//95 713//93
f 714//95 716//97 717//97 715//95
f 716//97 670//3 673//3 717//97
f 718//2 671//2 670//2
f 718//2 674//2 671//2
f 718//2 676//2 674//2
f 718//2 678//2 676//2
f 718//2 680//2 678//2
f 718//2 682//2 680//2
f 718//2 684//2 682//2
f 718//2 686//2 684//2
f 718//2 688//2 686//2
f 718//2 690//2 688//2
f 718//2 692//2 690//2
f 718//2 694//2 692//2
f 718//2 696//2 694//2
f 718//2 698//2 696//2
f 718//2 700//2 698//2
f 718//2 702//2 700//2
f 718//2 704//2 702//2
f 718//2 706//2 704//2
f 718//2 708//2 706//2
f 718//2 710//2 708//2
f 718//2 712//2 710//2
f 718//2 714//2 712//2
f 718//2 716//2 714//2
f 718//2 670//2 716//2
f 719//1 673//1 672//1
f 719//1 672//1 675//1
f 719//1 675//1 677//1
f 719//1 677//1 679//1
f 719//1 679//1 681//1
f 719//1 681//1 683//1
f 719//1 683//1 685//1
f 719//1 685//1 687//1
f 719//1 687//1 689//1
f 719//1 689//1 691//1
f 719//1 691//1 693//1
f 719//1 693//1 695//1
f 719//1 695//1 697//1
f 719//1 697//1 699//1
f 719//1 699//1 701//1
f 719//1 701//1 703//1
f 719//1 703//1 705//1
f 719//1 705//1 707//1
f 719//1 707//1 709//1
f 719//1 709//1 711//1
f 719//1 711//1 713//1
f 719//1 713//1 715//1
f 719//1 715//1 717//1
f 719//1 717//1 673//1
f 720//3 721//56 722//56 723//3
f 721//56 724//58 725//58 722//56
f 724//58 726//60 727//60 725//58
f 726//60 728//62 729//62 727//60
f 728//62 730//64 731//64 729//62
f 730//64 732//5 733//5 731//64
f 732//5 734//67 735//67 733//5
f 734//67 736//69 737//69 735//67
f 736//69 738//71 739//71 737//69
f 738//71 740//73 741//73 739//71
f 740//73 742//75 743//75 741//73
f 742//75 744//4 745//4 743//75
f 744//4 746//78 747//78 745//4
f 746//78 748//80 749//80 747//78
f 748//80 750//82 751//82 749//80
f 750//82 752//84 753//84 751//82
f 752//84 754//86 755//86 753//84
f 754//86 756//6 757//6 755//86
f 756//6 758//89 759//89 757//6
f 758//89 760//91 761//91 759//89
f 760//91 762//93 763//93 761//91
f 762//93 764//95 765//95 763//93
f 764//95 766//97 767//97 765//95
f 766//97 720//3 723//3 767//97
f 768//2 721//2 720//2
f 768//2 724//2 721//2
f 768//2 726//2 724//2
f 768//2 728//2 726//2
f 768//2 730//2 728//2
f 768//2 732//2 730//2
f 768//2 734//2 732//2
f 768//2 736//2 734//2
f 768//2 738//2 736//2
f 768//2 740//2 738//2
f 768//2 742//2 740//2
f 768//2 744//2 742//2
f 768//2 746//2 744//2
f 768//2 748//2 746//2
f 768//2 750//2 748//2
f 768//2 752//2 750//2
f 768//2 754//2 752//2
f 768//2 756//2 754//2
f 768//2 758//2 756//2
f 768//2 760//2 758//2
f 768//2 762//2 760//2
f 768//2 764//2 762//2
f 768//2 766//2 764//2
f 768//2 720//2 766//2
f 769//1 723//1 722//1
f 769//1 722//1 725//1
f 769//1 725//1 727//1
f 769//1 727//1 729//1
f 769//1 729//1 731//1
f 769//1 731//1 733//1
f 769//1 733//1 735//1
f 769//1 735//1 737//1
f 769//1 737//1 739//1
f 769//1 739//1 741//1
f 769//1 741//1 743//1
f 769//1 743//1 745//1
f 769//1 745//1 747//1
f 769//1 747//1 749//1
f 769//1 749//1 751//1
f 769//1 751//1 753//1
f 769//1 753//1 755//1
f 769//1 755//1 757//1
f 769//1 757//1 759//1
f 769//1 759//1 761//1
f 769//1 761//1 763//1
f 769//1 763//1 765//1
f 769//1 765//1 767//1
f 769//1 767//1 723//1
f 770//3 771//56 772//56 773//3
f 771//56 774//58 775//58 772//56
f 774//58 776//60 777//60 775//58
f 776//60 778//62 779//62 777//60
f 778//62 780//64 781//64 779//62
f 780//64 782//5 783//5 781//64
f 782//5 784//67 785//67 783//5
f 784//67 786//69 787//69 785//67
f 786//69 788//71 789//71 787//69
f 788//71 790//73 791//73 789//71
f 790//73 792//75 793//75 791//73
f 792//75 794//4 795//4 793//75
f 794//4 796//78 797//78 795//4
f 796//78 798//80 799//80 797//78
f 798//80 800//82 801//82 799//80
f 800//82 802//84 803//84 801//82
f 802//84 804//86 805//86 803//84
f 804//86 806//6 807//6 805//86
f 806//6 808//89 809//89 807//6
f 808//89 810//91 811//91 809//89
f 810//91 812//93 813//93 811//91
f 812//93 814//95 815//95 813//93
f 814//95 816//97 817//97 815//95
f 816//97 770//3 773//3 817//97
f 818//2 771//2 770//2
f 818//2 774//2 771//2
f 818//2 776//2 774//2
f 818//2 778//2 776//2
f 818//2 780//2 778//2
f 818//2 782//2 780//2
f 818//2 784//2 782//2
f 818//2 786//2 784//2
f 818//2 788//2 786//2
f 818//2 790//2 788//2
f 818//2 792//2 790//2
f 818//2 794//2 792//2
f 818//2 796//2 794//2
f 818//2 798//2 796//2
f 818//2 800//2 798//2
f 818//2 802//2 800//2
f 818//2 804//2 802//2
f 818//2 806//2 804//2
f 818//2 808//2 806//2
f 818//2 810//2 808//2
f 818//2 812//2 810//2
f 818//2 814//2 812//2
f 818//2 816//2 814//2
f 818//2 770//2 816//2
f 819//1 773//1 772//1
f 819//1 772//1 775//1
f 819//1 775//1 777//1
f 819//1 777//1 779//1
f 819//1 779//1 781//1
f 819//1 781//1 783//1
f 819//1 783//1 785//1
f 819//1 785//1 787//1
f 819//1 787//1 789//1
f 819//1 789//1 791//1
f 819//1 791//1 793//1
f 819//1 793//1 795//1
f 819//1 795//1 797//1
f 819//1 797//1 799//1
f 819//1 799//1 801//1
f 819//1 801//1 803//1
f 819//1 803//1 805//1
f 819//1 805//1 807//1
f 819//1 807//1 809//1
f 819//1 809//1 811//1
f 819//1 811//1 813//1
f 819//1 813//1 815//1
f 819//1 815//1 817//1
f 819//1 817//1 773//1
usemtl Metal
f 820//3 821//57 822//57 823//3
f 821//57 824//60 825//60 822//57
f 824//60 826//63 827//63 825//60
f 826//63 828//5 829//5 827//63
f 828//5 830//68 831//68 829//5
f 830//68 832//71 833//71 831//68
f 832//71 834//74 835//74 833//71
f 834//74 836//4 837//4 835//74
f 836//4 838//79 839//79 837//4
f 838//79 840//82 841//82 839//79
f 840//82 842//85 843//85 841//82
f 842//85 844//6 845//6 843//85
f 844//6 846//90 847//90 845//6
f 846//90 848//93 849//93 847//90
f 848//93 850//96 851//96 849//93
f 850//96 820//3 823//3 851//96
f 852//2 821//2 820//2
f 852//2 824//2 821//2
f 852//2 826//2 824//2
f 852//2 828//2 826//2
f 852//2 830//2 828//2
f 852//2 832//2 830//2
f 852//2 834//2 832//2
f 852//2 836//2 834//2
f 852//2 838//2 836//2
f 852//2 840//2 838//2
f 852//2 842//2 840//2
f 852//2 844//2 842//2
f 852//2 846//2 844//2
f 852//2 848//2 846//2
f 852//2 850//2 848//2
f 852//2 820//2 850//2
f 853//1 823//1 822//1
f 853//1 822//1 825//1
f 853//1 825//1 827//1
f 853//1 827//1 829//1
f 853//1 829//1 831//1
f 853//1 831//1 833//1
f 853//1 833//1 835//1
f 853//1 835//1 837//1
f 853//1 837//1 839//1
f 853//1 839//1 841//1
f 853//1 841//1 843//1
f 853//1 843//1 845//1
f 853//1 845//1 847//1
f 853//1 847//1 849//1
f 853//1 849//1 851//1
f 853//1 851//1 823//1
usemtl Antenna
f 853//219 854//220 855//221 853//219
f 853//222 855//224 854//223 853//222
f 853//219 855//221 856//225 853//219
f 853//222 856//226 855//224 853//222
f 853//219 856//225 857//227 853//219
f 853//222 857//228 856//226 853//222
f 853//219 857//227 858//229 853//219
f 853//222 858//230 857//228 853//222
f 853//219 858//229 859//231 853//219
f 853//222 859//232 858//230 853//222
f 853//219 859//231 860//233 853//219
f 853//222 860//234 859//232 853//222
f 853//219 860//233 861//235 853//219
f 853//222 861//236 860//234 853//222
f 853//219 861//235 862//237 853//219
f 853//222 862//238 861//236 853//222
f 853//219 862//237 863//239 853//219
f 853//222 863//240 862//238 853//222
f 853//219 863//239 864//241 853//219
f 853//222 864//242 863//240 853//222
f 853//219 864//241 865//243 853//219
f 853//222 865//244 864//242 853//222
f 853//219 865//243 866//245 853//219
f 853//222 866//246 865//244 853//222
f 853//219 866//245 867//247 853//219
f 853//222 867//248 866//246 853//222
f 853//219 867//247 868//249 853//219
f 853//222 868//250 867//248 853//222
f 853//219 868//249 869//251 853//219
f 853//222 869//252 868//250 853//222
f 853//219 869//251 870//253 853//219
f 853//222 870//254 869//252 853//222
f 853//219 870//253 871//255 853//219
f 853//222 871//256 870//254 853//222
f 853//219 871//255 872//257 853//219
f 853//222 872//258 871//256 853//222
f 853//219 872//257 873//259 853//219
f 853//222 873//260 872//258 853//222
f 853//219 873//259 874//261 853//219
f 853//222 874//262 873//260 853//222
f 853//219 874//261 875//263 853//219
f 853//222 875//264 874//262 853//222
f 853//219 875//263 876//265 853//219
f 853//222 876//266 875//264 853//222
f 853//219 876//265 877//267 853//219
f 853//222 877//268 876//266 853//222
f 853//219 877//267 878//269 853//219
f 853//222 878//270 877//268 853//222
f 853//219 878//269 879//271 853//219
f 853//222 879//272 878//270 853//222
f 853//219 879//271 880//273 853//219
f 853//222 880//274 879//272 853//222
f 853//219 880//273 881//275 853//219
f 853//222 881//276 880//274 853//222
f 853//219 881//275 882//277 853//219
f 853//222 882//278 881//276 853//222
f 853//219 882//277 883//279 853//219
f 853//222 883//280 882//278 853//222
f 853//219 883//279 884//281 853//219
f 853//222 884//282 883//280 853//222
f 853//219 884//281 885//283 853//219
f 853//222 885//284 884//282 853//222
f 853//219 885//283 886//285 853//219
f 853//222 886//286 885//284 853//222
f 853//219 886//285 887//287 853//219
f 853//222 887//288 886//286 853//222
f 853//219 887//287 888//289 853//219
f 853//222 888//290 887//288 853//222
f 853//219 888//289 889//291 853//219
f 853//222 889//292 888//290 853//222
f 853//219 889//291 890//293 853//219
f 853//222 890//294 889//292 853//222
f 853//219 890//293 891//295 853//219
f 853//222 891//296 890//294 853//222
f 853//219 891//295 892//297 853//219
f 853//222 892//298 891//296 853//222
f 853//219 892//297 893//299 853//219
f 853//222 893//300 892//298 853//222
f 853//219 893//299 854//220 853//219
f 853//222 854//223 893//300 853//222
f 854//220 894//301 895//302 855//221
f 855//224 895//304 894//303 854//223
f 855//221 895//302 896//305 856//225
f 856//226 896//306 895//304 855//224
f 856//225 896//305 897//307 857//227
f 857//228 897//308 896//306 856//226
f 857//227 897//307 898//309 858//229
f 858//230 898//310 897//308 857//228
f 858//229 898//309 899//311 859//231
f 859//232 899//312 898//310 858//230
f 859//231 899//311 900//313 860//233
f 860//234 900//314 899//312 859//232
f 860//233 900//313 901//315 861//235
f 861//236 901//316 900//314 860//234
f 861//235 901//315 902//317 862//237
f 862//238 902//318 901//316 861//236
f 862//237 902//317 903//319 863//239
f 863//240 903//320 902//318 862//238
f 863//239 903//319 904//321 864//241
f 864//242 904//322 903//320 863//240
f 864//241 904//321 905//323 865//243
f 865//244 905//324 904//322 864//242
f 865//243 905//323 906//325 866//245
f 866//246 906//326 905//324 865//244
f 866//245 906//325 907//327 867//247
f 867//248 907//328 906//326 866//246
f 867//247 907//327 908//329 868//249
f 868//250 908//330 907//328 867//248
f 868//249 908//329 909//331 869//251
f 869//252 909//332 908//330 868//250
f 869//251 909//331 910//333 870//253
f 870//254 910//334 909//332 869//252
f 870//253 910//333 911//335 871//255
f 871//256 911//336 910//334 870//254
f 871//255 911//335 912//337 872//257
f 872//258 912//338 911//336 871//256
f 872//257 912//337 913//339 873//259
f 873//260 913//340 912//338 872//258
f 873//259 913//339 914//341 874//261
f 874//262 914//342 913//340 873//260
f 874//261 914//341 915//343 875//263
f 875//264 915//344 914//342 874//262
f 875//263 915//343 916//345 876//265
f 876//266 916//346 915//344 875//264
f 876//265 916//345 917//347 877//267
f 877//268 917//348 916//346 876//266
f 877//267 917//347 918//349 878//269
f 878//270 918//350 917//348 877//268
f 878//269 918//349 919//351 879//271
f 879//272 919//352 918//350 878//270
f 879//271 919//351 920//353 880//273
f 880//274 920//354 919//352 879//272
f 880//273 920//353 921//355 881//275
f 881//276 921//356 920//354 880//274
f 881//275 921//355 922//357 882//277
f 882//278 922//358 921//356 881//276
f 882//277 922//357 923//359 883//279
f 883//280 923//360 922//358 882//278
f 883//279 923//359 924//361 884//281
f 884//282 924//362 923//360 883//280
f 884//281 924//361 925//363 885//283
f 885//284 925//364 924//362 884//282
f 885//283 925//363 926//365 886//285
f 886//286 926//366 925//364 885//284
f 886//285 926//365 927//367 887//287
f 887//288 927//368 926//366 886//286
f 887//287 927//367 928//369 888//289
f 888//290 928//370 927//368 887//288
f 888//289 928//369 929//371 889//291
f 889//292 929//372 928//370 888//290
f 889//291 929//371 930//373 890//293
f 890//294 930//374 929//372 889//292
f 890//293 930//373 931//375 891//295
f 891//296 931//376 930//374 890//294
f 891//295 931//375 932//377 892//297
f 892//298 932//378 931//376 891//296
f 892//297 932//377 933//379 893//299
f 893//300 933//380 932//378 892//298
f 893//299 933//379 894//301 854//220
f 854//223 894//303 933//380 893//300
f 894//301 934//381 935//382 895//302
f 895//304 935//384 934//383 894//303
f 895//302 935//382 936//385 896//305
f 896//306 936//386 935//384 895//304
f 896//305 936//385 937//387 897//307
f 897//308 937//388 936//386 896//306
f 897//307 937//387 938//389 898//309
f 898//310 938//390 937//388 897//308
f 898//309 938//389 939//391 899//311
f 899//312 939//392 938//390 898//310
f 899//311 939//391 940//393 900//313
f 900//314 940//394 939//392 899//312
f 900//313 940//393 941//395 901//315
f 901//316 941//396 940//394 900//314
f 901//315 941//395 942//397 902//317
f 902//318 942//398 941//396 901//316
f 902//317 942//397 943//399 903//319
f 903//320 943//400 942//398 902//318
f 903//319 943//399 944//401 904//321
f 904//322 944//402 943//400 903//320
f 904//321 944//401 945//403 905//323
f 905//324 945//404 944//402 904//322
f 905//323 945//403 946//405 906//325
f 906//326 946//406 945//404 905//324
f 906//325 946//405 947//407 907//327
f 907//328 947//408 946//406 906//326
f 907//327 947//407 948//409 908//329
f 908//330 948//410 947//408 907//328
f 908//329 948//409 949//411 909//331
f 909//332 949//412 948//410 908//330
f 909//331 949//411 950//413 910//333
f 910//334 950//414 949//412 909//332
f 910//333 950//413 951//415 911//335
f 911//336 951//416 950//414 910//334
f 911//335 951//415 952//417 912//337
f 912//338 952//418 951//416 911//336
f 912//337 952//417 953//419 913//339
f 913//340 953//420 952//418 912//338
f 913//339 953//419 954//421 914//341
f 914//342 954//422 953//420 913//340
f 914//341 954//421 955//423 915//343
f 915//344 955//424 954//422 914//342
f 915//343 955//423 956//425 916//345
f 916//346 956//426 955//424 915//344
f 916//345 956//425 957//427 917//347
f 917//348 957//428 956//426 916//346
f 917//347 957//427 958//429 918//349
f 918//350 958//430 957//428 917//348
f 918//349 958//429 959//431 919//351
f 919//352 959//432 958//430 918//350
f 919//351 959//431 960//433 920//353
f 920//354 960//434 959//432 919//352
f 920//353 960//433 961//435 921//355
f 921//356 961//436 960//434 920//354
f 921//355 961//435 962//437 922//357
f 922//358 962//438 961//436 921//356
f 922//357 962//437 963//439 923//359
f 923//360 963//440 962//438 922//358
f 923//359 963//439 964//441 924//361
f 924//362 964//442 963//440 923//360
f 924//361 964//441 965//443 925//363
f 925//364 965//444 964//442 924//362
f 925//363 965//443 966//445 926//365
f 926//366 966//446 965//444 925//364
f 926//365 966//445 967//447 927//367
f 927//368 967//448 966//446 926//366
f 927//367 967//447 968//449 928//369
f 928//370 968//450 967//448 927//368
f 928//369 968//449 969//451 929//371
f 929//372 969//452 968//450 928//370
f 929//371 969//451 970//453 930//373
f 930//374 970//454 969//452 929//372
f 930//373 970//453 971//455 931//375
f 931//376 971//456 970//454 930//374
f 931//375 971//455 972//457 932//377
f 932//378 972//458 971//456 931//376
f 932//377 972//457 973//459 933//379
f 933//380 973//460 972//458 932//378
f 933//379 973//459 934//381 894//301
f 894//303 934//383 973//460 933//380
f 934//381 974//461 975//462 935//382
f 935//384 975//464 974//463 934//383
f 935//382 975//462 976//465 936//385
f 936//386 976//466 975//464 935//384
f 936//385 976//465 977//467 937//387
f 937//388 977//468 976//466 936//386
f 937//387 977//467 978//469 938//389
f 938//390 978//470 977//468 937//388
f 938//389 978//469 979//471 939//391
f 939//392 979//472 978//470 938//390
f 939//391 979//471 980//473 940//393
f 940//394 980//474 979//472 939//392
f 940//393 980//473 981//475 941//395
f 941//396 981//476 980//474 940//394
f 941//395 981//475 982//477 942//397
f 942//398 982//478 981//476 941//396
f 942//397 982//477 983//479 943//399
f 943//400 983//480 982//478 942//398
f 943//399 983//479 984//481 944//401
f 944//402 984//482 983//480 943//400
f 944//401 984//481 985//483 945//403
f 945//404 985//484 984//482 944//402
f 945//403 985//483 986//485 946//405
f 946//406 986//486 985//484 945//404
f 946//405 986//485 987//487 947//407
f 947//408 987//488 986//486 946//406
f 947//407 987//487 988//489 948//409
f 948//410 988//490 987//488 947//408
f 948//409 988//489 989//491 949//411
f 949//412 989//492 988//490 948//410
f 949//411 989//491 990//493 950//413
f 950//414 990//494 989//492 949//412
f 950//413 990//493 991//495 951//415
f 951//416 991//496 990//494 950//414
f 951//415 991//495 992//497 952//417
f 952//418 992//498 991//496 951//416
f 952//417 992//497 993//499 953//419
f 953//420 993//500 992//498 952//418
f 953//419 993//499 994//501 954//421
f 954//422 994//502 993//500 953//420
f 954//421 994//501 995//503 955//423
f 955//424 995//504 994//502 954//422
f 955//423 995//503 996//505 956//425
f 956//426 996//506 995//504 955//424
f 956//425 996//505 997//507 957//427
f 957//428 997//508 996//506 956//426
f 957//427 997//507 998//509 958//429
f 958//430 998//510 997//508 957//428
f 958//429 998//509 999//511 959//431
f 959//432 999//512 998//510 958//430
f 959//431 999//511 1000//513 960//433
f 960//434 1000//514 999//512 959//432
f 960//433 1000//513 1001//515 961//435
f 961//436 1001//516 1000//514 960//434
f 961//435 1001//515 1002//517 962//437
f 962//438 1002//518 1001//516 961//436
f 962//437 1002//517 1003//519 963//439
f 963//440 1003//520 1002//518 962//438
f 963//439 1003//519 1004//521 964//441
f 964//442 1004//522 1003//520 963//440
f 964//441 1004//521 1005//523 965//443
f 965//444 1005//524 1004//522 964//442
f 965//443 1005//523 1006//525 966//445
f 966//446 1006//526 1005//524 965//444
f 966//445 1006//525 1007//527 967//447
f 967//448 1007//528 1006//526 966//446
f 967//447 1007//527 1008//529 968//449
f 968//450 1008//530 1007//528 967//448
f 968//449 1008//529 1009//531 969//451
f 969//452 1009//532 1008//530 968//450
f 969//451 1009//531 1010//533 970//453
f 970//454 1010//534 1009//532 969//452
f 970//453 1010//533 1011//535 971//455
f 971//456 1011//536 1010//534 970//454
f 971//455 1011//535 1012//537 972//457
f 972//458 1012//538 1011//536 971//456
f 972//457 1012//537 1013//539 973//459
f 973//460 1013//540 1012//538 972//458
f 973//459 1013//539 974//461 934//381
f 934//383 974//463 1013//540 973//460
f 974//461 1014//541 1015//542 975//462
f 975//464 1015//544 1014//543 974//463
f 975//462 1015//542 1016//545 976//465
f 976//466 1016//546 1015//544 975//464
f 976//465 1016//545 1017//547 977//467
f 977//468 1017//548 1016//546 976//466
f 977//467 1017//547 1018//549 978//469
f 978//470 1018//550 1017//548 977//468
f 978//469 1018//549 1019//551 979//471
f 979//472 1019//552 1018//550 978//470
f 979//471 1019//551 1020//553 980//473
f 980//474 1020//554 1019//552 979//472
f 980//473 1020//553 1021//555 981//475
f 981//476 1021//556 1020//554 980//474
f 981//475 1021//555 1022//557 982//477
f 982//478 1022//558 1021//556 981//476
f 982//477 1022//557 1023//559 983//479
f 983//480 1023//560 1022//558 982//478
f 983//479 1023//559 1024//561 984//481
f 984//482 1024//562 1023//560 983//480
f 984//481 1024//561 1025//563 985//483
f 985//484 1025//564 1024//562 984//482
f 985//483 1025//563 1026//565 986//485
f 986//486 1026//566 1025//564 985//484
f 986//485 1026//565 1027//567 987//487
f 987//488 1027//568 1026//566 986//486
f 987//487 1027//567 1028//569 988//489
f 988//490 1028//570 1027//568 987//488
f 988//489 1028//569 1029//571 989//491
f 989//492 1029//572 1028//570 988//490
f 989//491 1029//571 1030//573 990//493
f 990//494 1030//574 1029//572 989//492
f 990//493 1030//573 1031//575 991//495
f 991//496 1031//576 1030//574 990//494
f 991//495 1031//575 1032//577 992//497
f 992//498 1032//578 1031//576 991//496
f 992//497 1032//577 1033//579 993//499
f 993//500 1033//580 1032//578 992//498
f 993//499 1033//579 1034//581 994//501
f 994//502 1034//582 1033//580 993//500
f 994//501 1034//581 1035//583 995//503
f 995//504 1035//584 1034//582 994//502
f 995//503 1035//583 1036//585 996//505
f 996//506 1036//586 1035//584 995//504
f 996//505 1036//585 1037//587 997//507
f 997//508 1037//588 1036//586 996//506
f 997//507 1037//587 1038//589 998//509
f 998//510 1038//590 1037//588 997//508
f 998//509 1038//589 1039//591 999//511
f 999//512 1039//592 1038//590 998//510
f 999//511 1039//591 1040//593 1000//513
f 1000//514 1040//594 1039//592 999//512
f 1000//513 1040//593 1041//595 1001//515
f 1001//516 1041//596 1040//594 1000//514
f 1001//515 1041//595 1042//597 1002//517
f 1002//518 1042//598 1041//596 1001//516
f 1002//517 1042//597 1043//599 1003//519
f 1003//520 1043//600 1042//598 1002//518
f 1003//519 1043//599 1044//601 1004//521
f 1004//522 1044//602 1043//600 1003//520
f 1004//521 1044//601 1045//603 1005//523
f 1005//524 1045//604 1044//602 1004//522
f 1005//523 1045//603 1046//605 1006//525
f 1006//526 1046//606 1045//604 1005//524
f 1006//525 1046//605 1047//607 1007//527
f 1007//528 1047//608 1046//606 1006//526
f 1007//527 1047//607 1048//609 1008//529
f 1008//530 1048//610 1047//608 1007//528
f 1008//529 1048//609 1049//611 1009//531
f 1009//532 1049//612 1048//610 1008//530
f 1009//531 1049//611 1050//613 1010//533
f 1010//534 1050//614 1049//612 1009//532
f 1010//533 1050//613 1051//615 1011//535
f 1011//536 1051//616 1050//614 1010//534
f 1011//535 1051//615 1052//617 1012//537
f 1012//538 1052//618 1051//616 1011//536
f 1012//537 1052//617 1053//619 1013//539
f 1013//540 1053//620 1052//618 1012//538
f 1013//539 1053//619 1014//541 974//461
f 974//463 1014//543 1053//620 1013//540
f 1014//541 1054//621 1055//622 1015//542
f 1015//544 1055//624 1054//623 1014//543
f 1015//542 1055//622 1056//625 1016//545
f 1016//546 1056//626 1055//624 1015//544
f 1016//545 1056//625 1057//627 1017//547
f 1017//548 1057//628 1056//626 1016//546
f 1017//547 1057//627 1058//629 1018//549
f 1018//550 1058//630 1057//628 1017//548
f 1018//549 1058//629 1059//631 1019//551
f 1019//552 1059//632 1058//630 1018//550
f 1019//551 1059//631 1060//633 1020//553
f 1020//554 1060//634 1059//632 1019//552
f 1020//553 1060//633 1061//635 1021//555
f 1021//556 1061//636 1060//634 1020//554
f 1021//555 1061//635 1062//637 1022//557
f 1022//558 1062//638 1061//636 1021//556
f 1022//557 1062//637 1063//639 1023//559
f 1023//560 1063//640 1062//638 1022//558
f 1023//559 1063//639 1064//641 1024//561
f 1024//562 1064//642 1063//640 1023//560
f 1024//561 1064//641 1065//643 1025//563
f 1025//564 1065//644 1064//642 1024//562
f 1025//563 1065//643 1066//645 1026//565
f 1026//566 1066//646 1065//644 1025//564
f 1026//565 1066//645 1067//647 1027//567
f 1027//568 1067//648 1066//646 1026//566
f 1027//567 1067//647 1068//649 1028//569
f 1028//570 1068//650 1067//648 1027//568
f 1028//569 1068//649 1069//651 1029//571
f 1029//572 1069//652 1068//650 1028//570
f 1029//571 1069//651 1070//653 1030//573
f 1030//574 1070//654 1069//652 1029//572
f 1030//573 1070//653 1071//655 1031//575
f 1031//576 1071//656 1070//654 1030//574
f 1031//575 1071//655 1072//657 1032//577
f 1032//578 1072//658 1071//656 1031//576
f 1032//577 1072//657 1073//659 1033//579
f 1033//580 1073//660 1072//658 1032//578
f 1033//579 1073//659 1074//661 1034//581
f 1034//582 1074//662 1073//660 1033//580
f 1034//581 1074//661 1075//663 1035//583
f 1035//584 1075//664 1074//662 1034//582
f 1035//583 1075//663 1076//665 1036//585
f 1036//586 1076//666 1075//664 1035//584
f 1036//585 1076//665 1077//667 1037//587
f 1037//588 1077//668 1076//666 1036//586
f 1037//587 1077//667 1078//669 1038//589
f 1038//590 1078//670 1077//668 1037//588
f 1038//589 1078//669 1079//671 1039//591
f 1039//592 1079//672 1078//670 1038//590
f 1039//591 1079//671 1080//673 1040//593
f 1040//594 1080//674 1079//672 1039//592
f 1040//593 1080//673 1081//675 1041//595
f 1041//596 1081//676 1080//674 1040//594
f 1041//595 1081//675 1082//677 1042//597
f 1042//598 1082//678 1081//676 1041//596
f 1042//597 1082//677 1083//679 1043//599
f 1043//600 1083//680 1082//678 1042//598
f 1043//599 1083//679 1084//681 1044//601
f 1044//602 1084//682 1083//680 1043//600
f 1044//601 1084//681 1085//683 1045//603
f 1045//604 1085//684 1084//682 1044//602
f 1045//603 1085//683 1086//685 1046//605
f 1046//606 1086//686 1085//684 1045//604
f 1046//605 1086//685 1087//687 1047//607
f 1047//608 1087//688 1086//686 1046//606
f 1047//607 1087//687 1088//689 1048//609
f 1048//610 1088//690 1087//688 1047//608
f 1048//609 1088//689 1089//691 1049//611
f 1049//612 1089//692 1088//690 1048//610
f 1049//611 1089//691 1090//693 1050//613
f 1050//614 1090//694 1089//692 1049//612
f 1050//613 1090//693 1091//695 1051//615
f 1051//616 1091//696 1090//694 1050//614
f 1051//615 1091//695 1092//697 1052//617
f 1052//618 1092//698 1091//696 1051//616
f 1052//617 1092//697 1093//699 1053//619
f 1053//620 1093//700 1092//698 1052//618
f 1053//619 1093//699 1054//621 1014//541
f 1014//543 1054//623 1093//700 1053//620
f 1054//621 1094//701 1095//702 1055//622
f 1055//624 1095//704 1094//703 1054//623
f 1055//622 1095//702 1096//705 1056//625
f 1056//626 1096//706 1095//704 1055//624
f 1056//625 1096//705 1097//707 1057//627
f 1057//628 1097//708 1096//706 1056//626
f 1057//627 1097//707 1098//709 1058//629
f 1058//630 1098//710 1097//708 1057//628
f 1058//629 1098//709 1099//711 1059//631
f 1059//632 1099//712 1098//710 1058//630
f 1059//631 1099//711 1100//713 1060//633
f 1060//634 1100//714 1099//712 1059//632
f 1060//633 1100//713 1101//715 1061//635
f 1061//636 1101//716 1100//714 1060//634
f 1061//635 1101//715 1102//717 1062//637
f 1062//638 1102//718 1101//716 1061//636
f 1062//637 1102//717 1103//719 1063//639
f 1063//640 1103//720 1102//718 1062//638
f 1063//639 1103//719 1104//721 1064//641
f 1064//642 1104//722 1103//720 1063//640
f 1064//641 1104//721 1105//723 1065//643
f 1065//644 1105//724 1104//722 1064//642
f 1065//643 1105//723 1106//725 1066//645
f 1066//646 1106//726 1105//724 1065//644
f 1066//645 1106//725 1107//727 1067//647
f 1067//648 1107//728 1106//726 1066//646
f 1067//647 1107//727 1108//729 1068//649
f 1068//650 1108//730 1107//728 1067//648
f 1068//649 1108//729 1109//731 1069//651
f 1069//652 1109//732 1108//730 1068//650
f 1069//651 1109//731 1110//733 1070//653
f 1070//654 1110//734 1109//732 1069//652
f 1070//653 1110//733 1111//735 1071//655
f 1071//656 1111//736 1110//734 1070//654
f 1071//655 1111//735 1112//737 1072//657
f 1072//658 1112//738 1111//736 1071//656
f 1072//657 1112//737 1113//739 1073//659
f 1073//660 1113//740 1112//738 1072//658
f 1073//659 1113//739 1114//741 1074//661
f 1074//662 1114//742 1113//740 1073//660
f 1074//661 1114//741 1115//743 1075//663
f 1075//664 1115//744 1114//742 1074//662
f 1075//663 1115//743 1116//745 1076//665
f 1076//666 1116//746 1115//744 1075//664
f 1076//665 1116//745 1117//747 1077//667
f 1077//668 1117//748 1116//746 1076//666
f 1077//667 1117//747 1118//749 1078//669
f 1078//670 1118//750 1117//748 1077//668
f 1078//669 1118//749 1119//751 1079//671
f 1079//672 1119//752 1118//750 1078//670
f 1079//671 1119//751 1120//753 1080//673
f 1080//674 1120//754 1119//752 1079//672
f 1080//673 1120//753 1121//755 1081//675
f 1081//676 1121//756 1120//754 1080//674
f 1081//675 1121//755 1122//757 1082//677
f 1082//678 1122//758 1121//756 1081//676
f 1082//677 1122//757 1123//759 1083//679
f 1083//680 1123//760 1122//758 1082//678
f 1083//679 1123//759 1124//761 1084//681
f 1084//682 1124//762 1123//760 1083//680
f 1084//681 1124//761 1125//763 1085//683
f 1085//684 1125//764 1124//762 1084//682
f 1085//683 1125//763 1126//765 1086//685
f 1086//686 1126//766 1125//764 1085//684
f 1086//685 1126//765 1127//767 1087//687
f 1087//688 1127//768 1126//766 1086//686
f 1087//687 1127//767 1128//769 1088//689
f 1088//690 1128//770 1127//768 1087//688
f 1088//689 1128//769 1129//771 1089//691
f 1089//692 1129//772 1128//770 1088//690
f 1089//691 1129//771 1130//773 1090//693
f 1090//694 1130//774 1129//772 1089//692
f 1090//693 1130//773 1131//775 1091//695
f 1091//696 1131//776 1130//774 1090//694
f 1091//695 1131//775 1132//777 1092//697
f 1092//698 1132//778 1131//776 1091//696
f 1092//697 1132//777 1133//779 1093//699
f 1093//700 1133//780 1132//778 1092//698
f 1093//699 1133//779 1094//701 1054//621
f 1054//623 1094//703 1133//780 1093//700
f 1094//701 1134//781 1135//782 1095//702
f 1095//704 1135//784 1134//783 1094//703
f 1095//702 1135//782 1136//785 1096//705
f 1096//706 1136//786 1135//784 1095//704
f 1096//705 1136//785 1137//787 1097//707
f 1097//708 1137//788 1136//786 1096//706
f 1097//707 1137//787 1138//789 1098//709
f 1098//710 1138//790 1137//788 1097//708
f 1098//709 1138//789 1139//791 1099//711
f 1099//712 1139//792 1138//790 1098//710
f 1099//711 1139//791 1140//793 1100//713
f 1100//714 1140//794 1139//792 1099//712
f 1100//713 1140//793 1141//795 1101//715
f 1101//716 1141//796 1140//794 1100//714
f 1101//715 1141//795 1142//797 1102//717
f 1102//718 1142//798 1141//796 1101//716
f 1102//717 1142//797 1143//799 1103//719
f 1103//720 1143//800 1142//798 1102//718
f 1103//719 1143//799 1144//801 1104//721
f 1104//722 1144//802 1143//800 1103//720
f 1104//721 1144//801 1145//803 1105//723
f 1105//724 1145//804 1144//802 1104//722
f 1105//723 1145//803 1146//805 1106//725
f 1106//726 1146//806 1145//804 1105//724
f 1106//725 1146//805 1147//807 1107//727
f 1107//728 1147//808 1146//806 1106//726
f 1107//727 1147//807 1148//809 1108//729
f 1108//730 1148//810 1147//808 1107//728
f 1108//729 1148//809 1149//811 1109//731
f 1109//732 1149//812 1148//810 1108//730
f 1109//731 1149//811 1150//813 1110//733
f 1110//734 1150//814 1149//812 1109//732
f 1110//733 1150//813 1151//815 1111//735
f 1111//736 1151//816 1150//814 1110//734
f 1111//735 1151//815 1152//817 1112//737
f 1112//738 1152//818 1151//816 1111//736
f 1112//737 1152//817 1153//819 1113//739
f 1113//740 1153//820 1152//818 1112//738
f 1113//739 1153//819 1154//821 1114//741
f 1114//742 1154//822 1153//820 1113//740
f 1114//741 1154//821 1155//823 1115//743
f 1115//744 1155//824 1154//822 1114//742
f 1115//743 1155//823 1156//825 1116//745
f 1116//746 1156//826 1155//824 1115//744
f 1116//745 1156//825 1157//827 1117//747
f 1117//748 1157//828 1156//826 1116//746
f 1117//747 1157//827 1158//829 1118//749
f 1118//750 1158//830 1157//828 1117//748
f 1118//749 1158//829 1159//831 1119//751
f 1119//752 1159//832 1158//830 1118//750
f 1119//751 1159//831 1160//833 1120//753
f 1120//754 1160//834 1159//832 1119//752
f 1120//753 1160//833 1161//835 1121//755
f 1121//756 1161//836 1160//834 1120//754
f 1121//755 1161//835 1162//837 1122//757
f 1122//758 1162//838 1161//836 1121//756
f 1122//757 1162//837 1163//839 1123//759
f 1123//760 1163//840 1162//838 1122//758
f 1123//759 1163//839 1164//841 1124//761
f 1124//762 1164//842 1163//840 1123//760
f 1124//761 1164//841 1165//843 1125//763
f 1125//764 1165//844 1164//842 1124//762
f 1125//763 1165//843 1166//845 1126//765
f 1126//766 1166//846 1165//844 1125//764
f 1126//765 1166//845 1167//847 1127//767
f 1127//768 1167//848 1166//846 1126//766
f 1127//767 1167//847 1168//849 1128//769
f 1128//770 1168//850 1167//848 1127//768
f 1128//769 1168//849 1169//851 1129//771
f 1129//772 1169//852 1168//850 1128//770
f 1129//771 1169//851 1170//853 1130//773
f 1130//774 1170//854 1169//852 1129//772
f 1130//773 1170//853 1171//855 1131//775
f 1131//776 1171//856 1170//854 1130//774
f 1131//775 1171//855 1172//857 1132//777
f 1132//778 1172//858 1171//856 1131//776
f 1132//777 1172//857 1173//859 1133//779
f 1133//780 1173//860 1172//858 1132//778
f 1133//779 1173//859 1134//781 1094//701
f 1094//703 1134//783 1173//860 1133//780
usemtl Metal
f 1174//3 1175//57 1176//57 1177//3
f 1175//57 1178//60 1179//60 1176//57
f 1178//60 1180//63 1181//63 1179//60
f 1180//63 1182//5 1183//5 1181//63
f 1182//5 1184//68 1185//68 1183//5
f 1184//68 1186//71 1187//71 1185//68
f 1186//71 1188//74 1189//74 1187//71
f 1188//74 1190//4 1191//4 1189//74
f 1190//4 1192//79 1193//79 1191//4
f 1192//79 1194//82 1195//82 1193//79
f 1194//82 1196//85 1197//85 1195//82
f 1196//85 1198//6 1199//6 1197//85
f 1198//6 1200//90 1201//90 1199//6
f 1200//90 1202//93 1203//93 1201//90
f 1202//93 1204//96 1205//96 1203//93
f 1204//96 1174//3 1177//3 1205//96
f 1206//2 1175//2 1174//2
f 1206//2 1178//2 1175//2
f 1206//2 1180//2 1178//2
f 1206//2 1182//2 1180//2
f 1206//2 1184//2 1182//2
f 1206//2 1186//2 1184//2
f 1206//2 1188//2 1186//2
f 1206//2 1190//2 1188//2
f 1206//2 1192//2 1190//2
f 1206//2 1194//2 1192//2
f 1206//2 1196//2 1194//2
f 1206//2 1198//2 1196//2
f 1206//2 1200//2 1198//2
f 1206//2 1202//2 1200//2
f 1206//2 1204//2 1202//2
f 1206//2 1174//2 1204//2
f 1207//1 1177//1 1176//1
f 1207//1 1176//1 1179//1
f 1207//1 1179//1 1181//1
f 1207//1 1181//1 1183//1
f 1207//1 1183//1 1185//1
f 1207//1 1185//1 1187//1
f 1207//1 1187//1 1189//1
f 1207//1 1189//1 1191//1
f 1207//1 1191//1 1193//1
f 1207//1 1193//1 1195//1
f 1207//1 1195//1 1197//1
f 1207//1 1197//1 1199//1
f 1207//1 1199//1 1201//1
f 1207//1 1201//1 1203//1
f 1207//1 1203//1 1205//1
f 1207//1 1205//1 1177//1
f 1208//1 1209//1 1210//1 1211//1
f 1212//2 1213//2 1214//2 1215//2
f 1209//3 1212//3 1215//3 1210//3
f 1213//4 1208//4 1211//4 1214//4
f 1211//5 1210//5 1215//5 1214//5
f 1213//6 1212//6 1209//6 1208//6
usemtl PanelFrame
f 1216//1 1217//1 1218//1 1219//1
f 1220//2 1221//2 1222//2 1223//2
f 1217//3 1220//3 1223//3 1218//3
f 1221//4 1216//4 1219//4 1222//4
f 1219//5 1218//5 1223//5 1222//5
f 1221//6 1220//6 1217//6 1216//6
usemtl SolarCell
f 1224//3 1225//3 1226//3 1227//3
f 1228//4 1229//4 1230//4 1231//4
usemtl PanelFrame
f 1232//1 1233//1 1234//1 1235//1
f 1236//2 1237//2 1238//2 1239//2
f 1233//3 1236//3 1239//3 1234//3
f 1237//4 1232//4 1235//4 1238//4
f 1235//5 1234//5 1239//5 1238//5
f 1237//6 1236//6 1233//6 1232//6
usemtl SolarCell
f 1240//3 1241//3 1242//3 1243//3
f 1244//4 1245//4 1246//4 1247//4
usemtl PanelFrame
f 1248//1 1249//1 1250//1 1251//1
f 1252//2 1253//2 1254//2 1255//2
f 1249//3 1252//3 1255//3 1250//3
f 1253//4 1248//4 1251//4 1254//4
f 1251//5 1250//5 1255//5 1254//5
f 1253//6 1252//6 1249//6 1248//6
usemtl SolarCell
f 1256//3 1257//3 1258//3 1259//3
f 1260//4 1261//4 1262//4 1263//4
usemtl Metal
f 1174//3 1175//57 1176//57 1177//3
f 1175//57 1178//60 1179//60 1176//57
f 1178//60 1180//63 1181//63 1179//60
f 1180//63 1182//5 1183//5 1181//63
f 1182//5 1184//68 1185//68 1183//5
f 1184//68 1186//71 1187//71 1185//68
f 1186//71 1188//74 1189//74 1187//71
f 1188//74 1190//4 1191//4 1189//74
f 1190//4 1192//79 1193//79 1191//4
f 1192//79 1194//82 1195//82 1193//79
f 1194//82 1196//85 1197//85 1195//82
f 1196//85 1198//6 1199//6 1197//85
f 1198//6 1200//90 1201//90 1199//6
f 1200//90 1202//93 1203//93 1201//90
f 1202//93 1204//96 1205//96 1203//93
f 1204//96 1174//3 1177//3 1205//96
f 1206//2 1175//2 1174//2
f 1206//2 1178//2 1175//2
f 1206//2 1180//2 1178//2
f 1206//2 1182//2 1180//2
f 1206//2 1184//2 1182//2
f 1206//2 1186//2 1184//2
f 1206//2 1188//2 1186//2
f 1206//2 1190//2 1188//2
f 1206//2 1192//2 1190//2
f 1206//2 1194//2 1192//2
f 1206//2 1196//2 1194//2
f 1206//2 1198//2 1196//2
f 1206//2 1200//2 1198//2
f 1206//2 1202//2 1200//2
f 1206//2 1204//2 1202//2
f 1206//2 1174//2 1204//2
f 1207//1 1177//1 1176//1
f 1207//1 1176//1 1179//1
f 1207//1 1179//1 1181//1
f 1207//1 1181//1 1183//1
f 1207//1 1183//1 1185//1
f 1207//1 1185//1 1187//1
f 1207//1 1187//1 1189//1
f 1207//1 1189//1 1191//1
f 1207//1 1191//1 1193//1
f 1207//1 1193//1 1195//1
f 1207//1 1195//1 1197//1
f 1207//1 1197//1 1199//1
f 1207//1 1199//1 1201//1
f 1207//1 1201//1 1203//1
f 1207//1 1203//1 1205//1
f 1207//1 1205//1 1177//1
f 1264//1 1265//1 1266//1 1267//1
f 1268//2 1269//2 1270//2 1271//2
f 1265//3 1268//3 1271//3 1266//3
f 1269//4 1264//4 1267//4 1270//4
f 1267//5 1266//5 1271//5 1270//5
f 1269//6 1268//6 1265//6 1264//6
usemtl PanelFrame
f 1272//1 1273//1 1274//1 1275//1
f 1276//2 1277//2 1278//2 1279//2
f 1273//3 1276//3 1279//3 1274//3
f 1277//4 1272//4 1275//4 1278//4
f 1275//5 1274//5 1279//5 1278//5
f 1277//6 1276//6 1273//6 1272//6
usemtl SolarCell
f 1280//3 1281//3 1282//3 1283//3
f 1284//4 1285//4 1286//4 1287//4
usemtl PanelFrame
f 1288//1 1289//1 1290//1 1291//1
f 1292//2 1293//2 1294//2 1295//2
f 1289//3 1292//3 1295//3 1290//3
f 1293//4 1288//4 1291//4 1294//4
f 1291//5 1290//5 1295//5 1294//5
f 1293//6 1292//6 1289//6 1288//6
usemtl SolarCell
f 1296//3 1297//3 1298//3 1299//3
f 1300//4 1301//4 1302//4 1303//4
usemtl PanelFrame
f 1304//1 1305//1 1306//1 1307//1
f 1308//2 1309//2 1310//2 1311//2
f 1305//3 1308//3 1311//3 1306//3
f 1309//4 1304//4 1307//4 1310//4
f 1307//5 1306//5 1311//5 1310//5
f 1309//6 1308//6 1305//6 1304//6
usemtl SolarCell
f 1312//3 1313//3 1314//3 1315//3
f 1316//4 1317//4 1318//4 1319//4
